specialist_id,center_name,latitude,longitude,specialty,specialists_count,has_telemedicine
S001,Specialty Center 1,22.802523307488503,80.01968091325553,Pediatrics,1,1
S002,Specialty Center 2,22.48488614228384,79.59421675410832,Pediatrics,3,1
S003,Specialty Center 3,22.73299368287585,79.95109560417345,Neurology,2,1
S004,Specialty Center 4,22.75008004975896,79.93682233539326,Gynecology,5,0
S005,Specialty Center 5,24.444341610189102,77.89696382701418,Cardiology,4,1
S006,Specialty Center 6,24.383818233477594,77.92850359325939,Orthopedics,3,1
S007,Specialty Center 7,24.394427109909152,77.89571287398721,Cardiology,5,0
S008,Specialty Center 8,24.36185086578283,77.89574976737487,Cardiology,4,1
S009,Specialty Center 9,22.820836926717853,80.00978667642144,Orthopedics,5,1
S010,Specialty Center 10,22.830520682862833,79.94254942463232,Orthopedics,5,0
S011,Specialty Center 11,23.455839622828947,77.4907474683762,Neurology,2,1
S012,Specialty Center 12,22.62675615284608,78.6845740672962,Neurology,3,0
S013,Specialty Center 13,24.429120843239215,77.90145094618286,Orthopedics,2,1
S014,Specialty Center 14,22.793638895577796,79.94317421707173,Cardiology,4,1
S015,Specialty Center 15,24.399097651861076,77.8362793908881,Oncology,4,1
S016,Specialty Center 16,22.736081751870902,79.98157460084495,Gynecology,5,1
S017,Specialty Center 17,22.736222343366148,80.01727485509767,Gynecology,3,0
S018,Specialty Center 18,22.759641816073202,80.03153998207078,Pediatrics,5,0
