location_id,village_name,latitude,longitude,population,elderly_population,low_income_population,distance_to_nearest_clinic_km,distance_to_nearest_specialist_km,doctors_available,specialist_available,internet_connectivity,road_accessibility,healthcare_visits,emergency_cases,telemedicine_usage,state,district
VIL_00000,"Mohanpur (ANDAMAN AND NICOBAR ISLANDS, NORTH AND MIDDLE ANDAMAN)",12.96,92.87,31901,3190,18056,417.38,1047.99,1,0,0.694,0.839,9570,638,0.2,ANDAMAN AND NICOBAR ISLANDS,NORTH AND MIDDLE ANDAMAN
VIL_00001,"Port Blair (ANDAMAN AND NICOBAR ISLANDS, SOUTH ANDAMANS)",11.665833,92.741111,10880,1088,6158,273.23,1154.06,1,0,0.694,0.839,3264,218,0.2,ANDAMAN AND NICOBAR ISLANDS,SOUTH ANDAMANS
VIL_00002,"Dollygunj (ANDAMAN AND NICOBAR ISLANDS, SOUTH ANDAMANS)",11.96,92.83,45569,4557,25792,306.1,1133.6,1,0,0.694,0.839,13671,911,0.2,ANDAMAN AND NICOBAR ISLANDS,SOUTH ANDAMANS
VIL_00003,"Kalapather (ANDAMAN AND NICOBAR ISLANDS, SOUTH ANDAMANS)",11.77,92.88,53055,5306,30029,285.23,1153.73,1,0,0.694,0.839,15916,1061,0.2,ANDAMAN AND NICOBAR ISLANDS,SOUTH ANDAMANS
VIL_00004,"RAMACHANDRAPETA (ANDHRA PRADESH, VIZIANAGARAM)",18.006137,83.550161,1500,150,350,4.85,6.56,1,1,0.696,0.715,450,30,0.2,ANDHRA PRADESH,VIZIANAGARAM
VIL_00005,"Ponnavaram (ANDHRA PRADESH, NTR)",16.71619,80.81115,2520,252,615,2.29,18.5,1,1,0.699,0.845,756,50,0.2,ANDHRA PRADESH,NTR
VIL_00006,"Yetur (ANDHRA PRADESH, SPSR NELLORE)",14.384095,79.732402,7912,791,1931,0.33,29.34,1,1,0.699,0.863,2374,158,0.2,ANDHRA PRADESH,SPSR NELLORE
VIL_00007,"Batlapudi (ANDHRA PRADESH, VISAKHAPATANAM)",17.691303,83.03427,5546,555,1353,0.99,3.88,1,1,0.699,0.863,1664,111,0.2,ANDHRA PRADESH,VISAKHAPATANAM
VIL_00008,"Chinavenkannapalem (ANDHRA PRADESH, PRAKASAM)",15.376191,79.931494,7047,705,2283,1.0,17.68,1,1,0.695,0.936,2114,141,0.2,ANDHRA PRADESH,PRAKASAM
VIL_00009,"Pydampeta (ANDHRA PRADESH, Anakapalli)",17.866713,83.001705,3610,361,881,1.32,4.92,1,1,0.699,0.899,1083,72,0.2,ANDHRA PRADESH,Anakapalli
VIL_00010,"Ramapuram (ANDHRA PRADESH, Palnadu)",16.6856,79.6928,14435,1444,3522,3.18,14.97,1,1,0.699,0.954,4330,289,0.2,ANDHRA PRADESH,Palnadu
VIL_00011,"Koppalu (ANDHRA PRADESH, Y.S.R.)",14.563173,78.70513,13308,1331,3553,1.92,6.83,2,1,0.699,0.863,3992,266,0.2,ANDHRA PRADESH,Y.S.R.
VIL_00012,"Jarrakonda (ANDHRA PRADESH, Alluri Sitharama Raju)",18.061964,82.822182,7530,753,1837,1.56,16.16,1,1,0.699,0.712,2259,151,0.2,ANDHRA PRADESH,Alluri Sitharama Raju
VIL_00013,"Chavadikota (ANDHRA PRADESH, Alluri Sitharama Raju)",17.722,81.858,17600,1760,4294,1.82,14.44,1,1,0.699,0.712,5280,352,0.2,ANDHRA PRADESH,Alluri Sitharama Raju
VIL_00014,"Mundala (ANDHRA PRADESH, SRIKAKULAM)",19.000694,84.567417,10382,1038,2533,0.17,6.12,1,1,0.699,0.77,3115,208,0.2,ANDHRA PRADESH,SRIKAKULAM
VIL_00015,"S.L. Gudipadu (ANDHRA PRADESH, Bapatla)",16.880868,80.963402,3592,359,876,1.14,20.38,1,1,0.699,0.875,1078,72,0.2,ANDHRA PRADESH,Bapatla
VIL_00016,"J P Agraharam (ANDHRA PRADESH, VISAKHAPATANAM)",17.658305,82.663504,9594,959,2341,2.55,5.69,1,1,0.699,0.863,2878,192,0.2,ANDHRA PRADESH,VISAKHAPATANAM
VIL_00017,"Madduvalasa (ANDHRA PRADESH, SRIKAKULAM)",18.526361,83.631806,3317,332,809,2.49,8.91,1,1,0.699,0.77,995,66,0.2,ANDHRA PRADESH,SRIKAKULAM
VIL_00018,"Kato Moku (ARUNACHAL PRADESH, WEST SIANG)",28.143118,94.40313,14424,1442,10587,9.29,17.5,2,1,0.617,0.785,4327,288,0.2,ARUNACHAL PRADESH,WEST SIANG
VIL_00019,"Hote (ARUNACHAL PRADESH, KURUNG KUMEY)",27.422083,93.301927,6863,686,5943,4.96,5.59,1,1,0.694,0.775,2059,137,0.2,ARUNACHAL PRADESH,KURUNG KUMEY
VIL_00020,"Papa (ARUNACHAL PRADESH, UPPER SUBANSIRI)",28.132439,94.48501,6161,616,4836,1.2,10.9,2,1,0.609,0.916,1848,123,0.2,ARUNACHAL PRADESH,UPPER SUBANSIRI
VIL_00021,"Pillingmaling (ARUNACHAL PRADESH, UPPER SUBANSIRI)",28.145545,94.134073,4143,414,3252,2.47,43.3,2,1,0.609,0.916,1243,83,0.2,ARUNACHAL PRADESH,UPPER SUBANSIRI
VIL_00022,"Blong (ARUNACHAL PRADESH, ANJAW)",27.553242,96.462952,18994,1899,15670,0.21,2.8,1,1,0.675,0.837,5698,380,0.2,ARUNACHAL PRADESH,ANJAW
VIL_00023,"Yangsey (ARUNACHAL PRADESH, EAST KAMENG)",27.171457,92.511578,6312,631,4728,3.83,18.75,2,1,0.604,0.961,1894,126,0.2,ARUNACHAL PRADESH,EAST KAMENG
VIL_00024,"Songkin (ARUNACHAL PRADESH, CHANGLANG)",27.254805,96.911196,5071,507,3017,49.06,52.66,1,0,0.666,0.701,1521,101,0.2,ARUNACHAL PRADESH,CHANGLANG
VIL_00025,"Balemu (ARUNACHAL PRADESH, WEST KAMENG)",26.959761,92.14534,5389,539,3325,9.05,13.8,1,1,0.682,0.805,1617,108,0.2,ARUNACHAL PRADESH,WEST KAMENG
VIL_00026,"Miri Sollung (ARUNACHAL PRADESH, EAST KAMENG)",27.282888,93.913583,10935,1094,8190,7.45,16.34,1,1,0.604,0.961,3280,219,0.2,ARUNACHAL PRADESH,EAST KAMENG
VIL_00027,"Rani (ARUNACHAL PRADESH, EAST SIANG)",27.963446,95.31346,9568,957,6650,12.55,17.19,1,1,0.681,0.986,2870,191,0.2,ARUNACHAL PRADESH,EAST SIANG
VIL_00028,"Luchi (ARUNACHAL PRADESH, UPPER SUBANSIRI)",28.121529,94.263115,9937,994,7801,14.69,31.35,2,1,0.609,0.916,2981,199,0.2,ARUNACHAL PRADESH,UPPER SUBANSIRI
VIL_00029,"HARI (ARUNACHAL PRADESH, LOWER SUBANSIRI)",27.582656,93.842839,10082,1008,7612,21.7,42.46,1,1,0.685,0.906,3025,202,0.2,ARUNACHAL PRADESH,LOWER SUBANSIRI
VIL_00030,"Para (H.Q.) (ARUNACHAL PRADESH, LOWER SUBANSIRI)",27.294915,94.111721,39624,3962,29916,1.66,3.82,2,1,0.685,0.906,11887,792,0.2,ARUNACHAL PRADESH,LOWER SUBANSIRI
VIL_00031,"Ichindo (ARUNACHAL PRADESH, DIBANG VALLEY)",28.269557,95.510568,5160,516,3679,2.12,37.26,1,1,0.554,0.66,1548,103,0.2,ARUNACHAL PRADESH,DIBANG VALLEY
VIL_00032,"Rengbeng (ASSAM, NAGAON)",26.1835,92.7362,4741,474,1925,0.58,8.45,2,1,0.662,0.935,1422,95,0.2,ASSAM,NAGAON
VIL_00033,"Barpathar (ASSAM, DIBRUGARH)",27.44,94.89,3725,372,1535,0.49,23.58,1,1,0.661,0.952,1118,74,0.2,ASSAM,DIBRUGARH
VIL_00034,"Kalachup (ASSAM, KARIMGANJ)",24.58,92.45,11692,1169,4162,0.77,15.34,1,1,0.61,0.902,3508,234,0.2,ASSAM,KARIMGANJ
VIL_00035,"Chaibari (ASSAM, BAKSA)",26.2809,91.2542,17625,1762,5464,1.06,9.54,1,1,0.687,0.992,5288,352,0.2,ASSAM,BAKSA
VIL_00036,"Majorchapori (ASSAM, MAJULI)",26.983694,94.156306,6521,652,2556,3.5,3.5,5,1,0.654,0.935,1956,130,0.2,ASSAM,MAJULI
VIL_00037,"Disobai (ASSAM, KARBI ANGLONG)",25.8415,93.4246,3647,365,1674,1.93,31.49,1,1,0.679,0.681,1094,73,0.2,ASSAM,KARBI ANGLONG
VIL_00038,"Deurigaon (ASSAM, DIBRUGARH)",27.1,95.22,3693,369,1522,1.92,6.36,2,1,0.661,0.952,1108,74,0.2,ASSAM,DIBRUGARH
VIL_00039,"Dopdhar (ASSAM, SIVASAGAR)",24.1815,92.1691,12020,1202,4724,4.82,15.1,1,1,0.679,0.935,3606,240,0.2,ASSAM,SIVASAGAR
VIL_00040,"Rongachahi (ASSAM, MAJULI)",26.983694,94.156306,12945,1294,5074,3.5,3.5,5,1,0.654,0.935,3884,259,0.2,ASSAM,MAJULI
VIL_00041,"Solmora (ASSAM, MAJULI)",26.756,94.2094,11030,1103,4324,3.71,22.42,1,1,0.654,0.935,3309,221,0.2,ASSAM,MAJULI
VIL_00042,"Bakrihawar PT III (ASSAM, HAILAKANDI)",28.61,80.08,4194,419,1946,0.94,25.77,1,1,0.638,0.894,1258,84,0.2,ASSAM,HAILAKANDI
VIL_00043,"Kamalpur (ASSAM, BARPETA)",26.329139,91.01025,8601,860,3535,1.68,16.21,1,1,0.622,0.944,2580,172,0.2,ASSAM,BARPETA
VIL_00044,"Narsingwari (ASSAM, DIMA HASAO)",25.172,93.05,7842,784,2988,2.01,16.47,1,1,0.671,0.935,2353,157,0.2,ASSAM,DIMA HASAO
VIL_00045,"Dirai Te (ASSAM, DIBRUGARH)",27.18,95.11,8508,851,3505,1.07,1.07,5,1,0.661,0.952,2552,170,0.2,ASSAM,DIBRUGARH
VIL_00046,"Pakari Dixit (BIHAR, PURBI CHAMPARAN)",26.68548,84.5444,14343,1434,12392,3.42,13.04,1,1,0.681,0.945,4303,287,0.2,BIHAR,PURBI CHAMPARAN
VIL_00047,"Belahari (BIHAR, BUXAR)",25.749157,84.106545,8542,854,7568,0.87,3.99,1,1,0.69,0.849,2563,171,0.2,BIHAR,BUXAR
VIL_00048,"Kerap (BIHAR, AURANGABAD)",19.87617,75.343313,12296,1230,10402,0.0,2.9,1,1,0.684,0.966,3689,246,0.2,BIHAR,AURANGABAD
VIL_00049,"Machhargawa (BIHAR, PURBI CHAMPARAN)",26.85615,84.86545,7540,754,6515,4.51,23.75,2,1,0.681,0.945,2262,151,0.2,BIHAR,PURBI CHAMPARAN
VIL_00050,"Chandpur (BIHAR, BANKA)",24.258,86.321,9002,900,7778,6.12,6.12,5,1,0.673,0.981,2701,180,0.2,BIHAR,BANKA
VIL_00051,"Birpur (BIHAR, BEGUSARAI)",25.416675,86.129379,11836,1184,10274,0.67,0.71,2,1,0.673,0.96,3551,237,0.2,BIHAR,BEGUSARAI
VIL_00052,"Laukaha (BIHAR, SUPAUL)",26.131709,86.610711,2226,223,1910,0.0,20.26,1,1,0.681,0.985,668,45,0.2,BIHAR,SUPAUL
VIL_00053,"Sital Pur (BIHAR, PURBI CHAMPARAN)",26.5866,84.63358,5531,553,4779,1.6,23.72,1,1,0.681,0.945,1659,111,0.2,BIHAR,PURBI CHAMPARAN
VIL_00054,"Gopalpur (BIHAR, GOPALGANJ)",26.5913,84.3115,4903,490,4280,0.95,17.06,1,1,0.673,0.994,1471,98,0.2,BIHAR,GOPALGANJ
VIL_00055,"Salarpur (BIHAR, PATNA)",25.35,83.03,4285,428,3848,1.07,4.28,1,1,0.693,0.951,1286,86,0.2,BIHAR,PATNA
VIL_00056,"Pawani (BIHAR, ROHTAS)",25.03673,84.277257,5732,573,4746,4.42,12.87,1,1,0.69,0.967,1720,115,0.2,BIHAR,ROHTAS
VIL_00057,"Seodaha Barail (BIHAR, DARBHANGA)",15.5934,86.3167,23619,2362,17643,51.19,396.0,1,0,0.68,0.884,7086,472,0.2,BIHAR,DARBHANGA
VIL_00058,"Aura (BIHAR, SAMASTIPUR)",25.862968,85.781026,3573,357,2894,0.0,0.69,2,1,0.67,0.979,1072,71,0.2,BIHAR,SAMASTIPUR
VIL_00059,"Isharapura (BIHAR, BHOJPUR)",25.701082,84.381668,15498,1550,14010,4.13,11.57,1,1,0.685,0.897,4649,310,0.2,BIHAR,BHOJPUR
VIL_00060,"Behlana (CHANDIGARH, CHANDIGARH)",30.692051,76.69841,2365,236,1603,1.31,5.51,1,1,0.699,0.839,710,47,0.2,CHANDIGARH,CHANDIGARH
VIL_00061,"Kishangarh (CHANDIGARH, CHANDIGARH)",30.692051,76.69841,6954,695,4715,1.31,5.51,1,1,0.699,0.839,2086,139,0.2,CHANDIGARH,CHANDIGARH
VIL_00062,"Kaimbwala (CHANDIGARH, CHANDIGARH)",25.7,94.1,10355,1036,7021,4.16,10.82,2,1,0.699,0.839,3106,207,0.2,CHANDIGARH,CHANDIGARH
VIL_00063,"Dhanas (CHANDIGARH, CHANDIGARH)",30.692051,76.69841,14531,1453,9852,1.31,5.51,1,1,0.699,0.839,4359,291,0.2,CHANDIGARH,CHANDIGARH
VIL_00064,"Tira (CHANDIGARH, CHANDIGARH)",30.692051,76.69841,16059,1606,10888,1.31,5.51,1,1,0.699,0.839,4818,321,0.2,CHANDIGARH,CHANDIGARH
VIL_00065,"Raipur Kalan (CHANDIGARH, CHANDIGARH)",30.692051,76.69841,17149,1715,11627,1.31,5.51,1,1,0.699,0.839,5145,343,0.2,CHANDIGARH,CHANDIGARH
VIL_00066,"Hallomajra (CHANDIGARH, CHANDIGARH)",30.692051,76.69841,6878,688,4663,1.31,5.51,1,1,0.699,0.839,2063,138,0.2,CHANDIGARH,CHANDIGARH
VIL_00067,"Chandigarh GPO (CHANDIGARH, CHANDIGARH)",30.74233,76.783328,6280,628,4258,0.91,0.91,1,1,0.699,0.839,1884,126,0.2,CHANDIGARH,CHANDIGARH
VIL_00068,"Behlolpur (CHANDIGARH, CHANDIGARH)",30.692051,76.69841,18059,1806,12244,1.31,5.51,1,1,0.699,0.839,5418,361,0.2,CHANDIGARH,CHANDIGARH
VIL_00069,"Burail (CHANDIGARH, CHANDIGARH)",30.692051,76.69841,7801,780,5289,1.31,5.51,1,1,0.699,0.839,2340,156,0.2,CHANDIGARH,CHANDIGARH
VIL_00070,"Daria (CHANDIGARH, CHANDIGARH)",30.692051,76.69841,3276,328,2221,1.31,5.51,1,1,0.699,0.839,983,66,0.2,CHANDIGARH,CHANDIGARH
VIL_00071,"Palaguda (CHHATTISGARH, RAIPUR)",18.5712,80.7412,2885,288,666,2.9,35.89,1,1,0.696,0.944,866,58,0.2,CHHATTISGARH,RAIPUR
VIL_00072,"Dumartola (CHHATTISGARH, RAJNANDGAON)",20.579426,80.746434,3423,342,657,0.52,0.52,5,1,0.695,0.78,1027,68,0.2,CHHATTISGARH,RAJNANDGAON
VIL_00073,"keshkutul (CHHATTISGARH, BIJAPUR)",19.0024,81.0479,10632,1063,2817,0.93,1.39,1,1,0.608,0.626,3190,213,0.2,CHHATTISGARH,BIJAPUR
VIL_00074,"Sirsi (CHHATTISGARH, SURAJPUR)",23.142492,83.165786,8005,800,1945,0.77,21.99,1,1,0.691,0.99,2402,160,0.2,CHHATTISGARH,SURAJPUR
VIL_00075,"Khutpadar (CHHATTISGARH, KONDAGAON)",20.1834,81.1555,12410,1241,2867,2.35,10.04,1,1,0.695,0.972,3723,248,0.2,CHHATTISGARH,KONDAGAON
VIL_00076,"Limora (CHHATTISGARH, BALOD)",20.685154,81.403171,5075,508,1040,0.32,0.32,5,1,0.698,0.972,1522,102,0.2,CHHATTISGARH,BALOD
VIL_00077,"Hulghat (CHHATTISGARH, KANKER)",20.160856,80.80261,8109,811,1873,1.99,16.45,1,1,0.695,0.769,2433,162,0.2,CHHATTISGARH,KANKER
VIL_00078,"Birgaon (CHHATTISGARH, MUNGELI)",22.10922,81.847025,11782,1178,3770,1.81,3.81,1,1,0.698,0.828,3535,236,0.2,CHHATTISGARH,MUNGELI
VIL_00079,"Bhothipar (CHHATTISGARH, RAJNANDGAON)",21.02429,81.07018,5577,558,1071,1.18,10.97,1,1,0.695,0.78,1673,112,0.2,CHHATTISGARH,RAJNANDGAON
VIL_00080,"Kotnapani (CHHATTISGARH, RAJNANDGAON)",21.1714,80.6447,10294,1029,1976,2.39,11.68,1,1,0.695,0.78,3088,206,0.2,CHHATTISGARH,RAJNANDGAON
VIL_00081,"Kotasura (CHHATTISGARH, RAIGARH)",21.761871,83.344206,4206,421,1417,0.74,3.9,1,1,0.693,0.813,1262,84,0.2,CHHATTISGARH,RAIGARH
VIL_00082,"Saragaon (CHHATTISGARH, RAIPUR)",21.5,81.5,5342,534,1234,0.69,3.39,1,1,0.696,0.944,1603,107,0.2,CHHATTISGARH,RAIPUR
VIL_00083,"Kudaribahra (CHHATTISGARH, MAHASAMUND)",21.28,82.82,5263,526,1253,0.51,0.51,5,1,0.689,0.812,1579,105,0.2,CHHATTISGARH,MAHASAMUND
VIL_00084,"Gujra (CHHATTISGARH, BALOD)",20.669144,81.131328,2744,274,563,1.03,10.14,1,1,0.698,0.972,823,55,0.2,CHHATTISGARH,BALOD
VIL_00085,"Malik Pur (DELHI, SOUTH WEST)",32.643914,74.046903,10545,1054,5968,41.03,49.16,1,1,0.694,0.839,3164,211,0.2,DELHI,SOUTH WEST
VIL_00086,"Dabri (DELHI, SOUTH WEST)",28.609675,77.089542,4907,491,2777,0.0,1.36,1,1,0.694,0.839,1472,98,0.2,DELHI,SOUTH WEST
VIL_00087,"Rewla Khanpur (DELHI, WEST)",28.564726,76.981441,7215,722,4084,5.55,13.02,2,1,0.694,0.839,2164,144,0.2,DELHI,WEST
VIL_00088,"Barwala (DELHI, NORTH)",28.799694,77.038056,10493,1049,5939,2.84,10.57,2,1,0.694,0.839,3148,210,0.2,DELHI,NORTH
VIL_00089,"Sarojini Nagar (DELHI, NEW DELHI)",28.575476,77.199648,10210,1021,5779,4.65,1.12,2,1,0.694,0.839,3063,204,0.2,DELHI,NEW DELHI
VIL_00090,"Mahipalpur (DELHI, NEW DELHI)",28.54,77.12,12163,1216,6884,5.33,8.71,1,1,0.694,0.839,3649,243,0.2,DELHI,NEW DELHI
VIL_00091,"Molarband (DELHI, SOUTH)",28.53,77.21,6602,660,3737,0.73,0.71,2,1,0.694,0.839,1981,132,0.2,DELHI,SOUTH
VIL_00092,"Qutabagarh (DELHI, NORTH WEST)",28.799694,77.038056,5091,509,2882,2.84,10.57,2,1,0.694,0.839,1527,102,0.2,DELHI,NORTH WEST
VIL_00093,"Jaunti (DELHI, NORTH WEST)",28.734917,77.005556,6702,670,3793,0.99,7.75,1,1,0.694,0.839,2011,134,0.2,DELHI,NORTH WEST
VIL_00094,"Tilangpur Kotla (DELHI, WEST)",28.646628,77.025715,1852,185,1048,3.62,7.56,1,1,0.694,0.839,556,37,0.2,DELHI,WEST
VIL_00095,"Mundela Kalan (DELHI, SOUTH WEST)",28.609773,76.893434,2244,224,1270,1.26,9.29,1,1,0.694,0.839,673,45,0.2,DELHI,SOUTH WEST
VIL_00096,"Jharoda Kalan (DELHI, SOUTH WEST)",28.652588,76.956454,2479,248,1403,2.89,4.9,1,1,0.694,0.839,744,50,0.2,DELHI,SOUTH WEST
VIL_00097,"Kadipur (DELHI, NORTH)",28.797806,77.13,3217,322,1821,1.83,7.94,1,1,0.694,0.839,965,64,0.2,DELHI,NORTH
VIL_00098,"Lal Kuan (DELHI, SOUTH)",28.53,77.21,9835,984,5567,0.73,0.71,2,1,0.694,0.839,2950,197,0.2,DELHI,SOUTH
VIL_00099,"Matri Indian Antartic Station (GOA, NORTH GOA)",15.45,73.8,6923,692,2437,1.78,5.14,1,1,0.7,0.496,2077,138,0.15,GOA,NORTH GOA
VIL_00100,"Margao (GOA, SOUTH GOA)",15.274701,73.957561,10556,1056,3410,1.46,0.64,2,1,0.7,0.5,3167,211,0.15,GOA,SOUTH GOA
VIL_00101,"Gocoldem (GOA, SOUTH GOA)",15.0845,74.075528,40392,4039,13047,3.96,10.59,1,1,0.7,0.5,12118,808,0.15,GOA,SOUTH GOA
VIL_00102,"Panaji (GOA, NORTH GOA)",15.499132,73.832331,10743,1074,3782,0.56,1.76,2,1,0.7,0.496,3223,215,0.15,GOA,NORTH GOA
VIL_00103,"Cavorem (GOA, SOUTH GOA)",15.25023,74.05745,25772,2577,8324,0.01,4.56,1,1,0.7,0.5,7732,515,0.15,GOA,SOUTH GOA
VIL_00104,"Satrem (GOA, NORTH GOA)",15.6211,74.2327,6769,677,2383,5.37,29.32,1,1,0.7,0.496,2031,135,0.15,GOA,NORTH GOA
VIL_00105,"Caranzol (GOA, NORTH GOA)",15.50519,74.21988,12121,1212,4267,2.27,25.35,1,1,0.7,0.496,3636,242,0.15,GOA,NORTH GOA
VIL_00106,"Undava (GUJARAT, NARMADA)",21.93167,73.744054,3340,334,1633,6.42,10.2,2,1,0.649,0.999,1002,67,0.2,GUJARAT,NARMADA
VIL_00107,"Ruppur (GUJARAT, PATAN)",15.5934,83.5665,5446,545,2712,58.82,187.9,1,0,0.688,0.921,1634,109,0.2,GUJARAT,PATAN
VIL_00108,"Kharachiya (GUJARAT, RAJKOT)",22.104868,71.008175,13990,1399,7681,16.28,29.09,1,1,0.697,0.96,4197,280,0.2,GUJARAT,RAJKOT
VIL_00109,"Guntheli (GUJARAT, Mahisagar)",22.7498,72.6819,1794,179,969,0.13,0.68,1,1,0.666,0.988,538,36,0.2,GUJARAT,Mahisagar
VIL_00110,"Vibhapar (GUJARAT, JAMNAGAR)",22.48,70.09,10111,1011,6208,12.26,42.8,2,1,0.692,0.99,3033,202,0.2,GUJARAT,JAMNAGAR
VIL_00111,"Inaj (GUJARAT, GIR SOMNATH)",20.98238,70.417815,8639,864,4613,19.87,51.37,1,0,0.696,0.956,2592,173,0.2,GUJARAT,GIR SOMNATH
VIL_00112,"Ravna (GUJARAT, RAJKOT)",21.82125,71.02635,4441,444,2438,6.43,20.29,1,1,0.697,0.96,1332,89,0.2,GUJARAT,RAJKOT
VIL_00113,"Bherunda (GUJARAT, ARVALLI)",23.417965,73.284645,2246,225,1233,30.15,38.5,1,1,0.688,0.997,674,45,0.2,GUJARAT,ARVALLI
VIL_00114,"Jenpur (GUJARAT, SABAR KANTHA)",23.417712,72.937198,7567,757,3836,15.31,18.39,1,1,0.667,0.983,2270,151,0.2,GUJARAT,SABAR KANTHA
VIL_00115,"Mevli (GUJARAT, VADODARA)",15.59,73.36,4676,468,2726,36.67,39.92,1,1,0.681,0.993,1403,94,0.2,GUJARAT,VADODARA
VIL_00116,"Dungri Udava RS (GUJARAT, VALSAD)",20.461853,72.917216,8604,860,5111,1.18,5.4,2,1,0.69,0.974,2581,172,0.2,GUJARAT,VALSAD
VIL_00117,"Hathaj (GUJARAT, KHEDA)",22.700006,72.866694,7269,727,4928,1.25,2.31,2,1,0.678,0.997,2181,145,0.2,GUJARAT,KHEDA
VIL_00118,"Khapat (GUJARAT, GIR SOMNATH)",20.868529,70.987913,25727,2573,13738,8.53,15.84,1,1,0.696,0.956,7718,515,0.2,GUJARAT,GIR SOMNATH
VIL_00119,"Sedarda (GUJARAT, BHAVNAGAR)",21.255238,71.714687,5898,590,3999,0.7,13.5,2,1,0.678,0.936,1769,118,0.2,GUJARAT,BHAVNAGAR
VIL_00120,"Phulwari (HARYANA, PALWAL)",28.194443,77.277121,3150,315,2410,0.01,7.93,2,1,0.692,0.988,945,63,0.2,HARYANA,PALWAL
VIL_00121,"Mattar Sham (HARYANA, HISAR)",29.508192,75.453516,8244,824,5944,0.58,29.11,1,1,0.698,0.998,2473,165,0.2,HARYANA,HISAR
VIL_00122,"Sotha (HARYANA, HISAR)",29.224611,73.13875,8517,852,6141,4.53,7.94,1,1,0.698,0.998,2555,170,0.2,HARYANA,HISAR
VIL_00123,"Khedar (HARYANA, HISAR)",29.356295,74.079947,21189,2119,15277,0.02,14.66,2,1,0.698,0.998,6357,424,0.2,HARYANA,HISAR
VIL_00124,"Mirana (HARYANA, FATEHABAD)",29.685306,75.576278,13932,1393,9836,2.54,22.71,1,1,0.699,0.997,4180,279,0.2,HARYANA,FATEHABAD
VIL_00125,"Hajwana (HARYANA, KAITHAL)",29.762047,76.559555,9503,950,6738,5.28,33.75,1,1,0.7,0.99,2851,190,0.2,HARYANA,KAITHAL
VIL_00126,"Dhadh (HARYANA, HISAR)",29.356295,74.079947,23029,2303,16604,0.02,14.66,2,1,0.698,0.998,6909,461,0.2,HARYANA,HISAR
VIL_00127,"Karora (HARYANA, KAITHAL)",29.670538,76.5168,2760,276,1957,8.1,43.87,1,1,0.7,0.99,828,55,0.2,HARYANA,KAITHAL
VIL_00128,"Maruthi Kunj (HARYANA, GURUGRAM)",28.352169,77.06471,4282,428,3087,4.44,4.44,5,1,0.698,0.991,1285,86,0.2,HARYANA,GURUGRAM
VIL_00129,"Bakana (HARYANA, YAMUNANAGAR)",30.059926,77.155706,3404,340,2703,0.55,5.03,1,1,0.699,0.991,1021,68,0.2,HARYANA,YAMUNANAGAR
VIL_00130,"Jawa (HARYANA, CHARKI DADRI)",28.5216,76.1508,5229,523,3770,3.52,19.56,1,1,0.698,0.991,1569,105,0.2,HARYANA,CHARKI DADRI
VIL_00131,"Charkhi (HARYANA, CHARKI DADRI)",28.5921,76.2653,2374,237,1712,0.71,10.4,2,1,0.698,0.991,712,47,0.2,HARYANA,CHARKI DADRI
VIL_00132,"Uncha Samana (HARYANA, KARNAL)",29.395972,76.960639,11873,1187,8952,1.58,10.21,2,1,0.694,0.987,3562,237,0.2,HARYANA,KARNAL
VIL_00133,"Rawa (HARYANA, KURUKSHETRA)",29.973217,76.830346,5979,598,4831,6.04,1.38,2,1,0.697,0.988,1794,120,0.2,HARYANA,KURUKSHETRA
VIL_00134,"Kasba Jagir (HIMACHAL PRADESH, KANGRA)",31.849748,76.195218,2202,220,1400,0.83,3.8,1,1,0.698,0.722,661,44,0.2,HIMACHAL PRADESH,KANGRA
VIL_00135,"Kohal (HIMACHAL PRADESH, CHAMBA)",32.442036,76.023234,3170,317,2320,3.24,1.71,1,1,0.694,0.882,951,63,0.2,HIMACHAL PRADESH,CHAMBA
VIL_00136,"Naghiar (HIMACHAL PRADESH, BILASPUR)",31.4622,76.4982,9179,918,5930,1.12,2.13,1,1,0.7,0.808,2754,184,0.2,HIMACHAL PRADESH,BILASPUR
VIL_00137,"Jainagar (HIMACHAL PRADESH, SOLAN)",30.904486,77.096736,13966,1397,8114,1.84,1.03,1,1,0.694,0.727,4190,279,0.2,HIMACHAL PRADESH,SOLAN
VIL_00138,"Gathutar (HIMACHAL PRADESH, KANGRA)",31.991561,76.14794,35286,3529,22442,1.12,1.12,5,1,0.698,0.722,10586,706,0.2,HIMACHAL PRADESH,KANGRA
VIL_00139,"Giahan (HIMACHAL PRADESH, SHIMLA)",30.952,77.652,60000,6000,37740,1.36,3.77,1,1,0.7,0.741,18000,1200,0.2,HIMACHAL PRADESH,SHIMLA
VIL_00140,"Reila (HIMACHAL PRADESH, KULLU)",31.77,77.35,9951,995,7284,1.86,4.1,1,1,0.694,0.857,2985,199,0.2,HIMACHAL PRADESH,KULLU
VIL_00141,"Tandi BO keylong (HIMACHAL PRADESH, LAHUL AND SPITI)",32.55393,76.977007,3236,324,2058,0.65,4.79,1,1,0.696,0.705,971,65,0.2,HIMACHAL PRADESH,LAHUL AND SPITI
VIL_00142,"Kayab (HIMACHAL PRADESH, SHIMLA)",31.4715,77.6843,1298,130,816,1.53,1.55,1,1,0.7,0.741,389,26,0.2,HIMACHAL PRADESH,SHIMLA
VIL_00143,"Dhundla (HIMACHAL PRADESH, UNA)",31.600239,76.36759,8849,885,6849,3.5,8.99,1,1,0.69,0.847,2655,177,0.2,HIMACHAL PRADESH,UNA
VIL_00144,"Badhu (HIMACHAL PRADESH, MANDI)",31.49,77.0,3728,373,2188,0.1,4.07,1,1,0.696,0.741,1118,75,0.2,HIMACHAL PRADESH,MANDI
VIL_00145,"Fatehpur (HIMACHAL PRADESH, MANDI)",31.63,76.73,5123,512,3007,0.57,7.98,2,1,0.696,0.741,1537,102,0.2,HIMACHAL PRADESH,MANDI
VIL_00146,"Daloh (HIMACHAL PRADESH, UNA)",31.714836,76.167042,4377,438,3388,7.03,5.48,1,1,0.69,0.847,1313,88,0.2,HIMACHAL PRADESH,UNA
VIL_00147,"Salugran (HIMACHAL PRADESH, LAHUL AND SPITI)",32.75,76.54,6382,638,4059,0.93,11.73,1,1,0.696,0.705,1915,128,0.2,HIMACHAL PRADESH,LAHUL AND SPITI
VIL_00148,"Ratnipora (JAMMU AND KASHMIR, PULWAMA)",33.920852,74.943838,16758,1676,9485,0.0,6.23,1,1,0.694,0.735,5027,335,0.2,JAMMU AND KASHMIR,PULWAMA
VIL_00149,"Gamroo (JAMMU AND KASHMIR, BANDIPORA)",34.468514,74.668958,8099,810,4584,0.43,19.61,1,1,0.694,0.743,2430,162,0.2,JAMMU AND KASHMIR,BANDIPORA
VIL_00150,"Hajin (JAMMU AND KASHMIR, BANDIPORA)",34.292024,74.618623,6292,629,3561,0.35,0.82,1,1,0.694,0.743,1888,126,0.2,JAMMU AND KASHMIR,BANDIPORA
VIL_00151,"Gulgam (JAMMU AND KASHMIR, KUPWARA)",34.472667,74.138369,3119,312,1765,21.26,36.43,1,1,0.694,0.713,936,62,0.2,JAMMU AND KASHMIR,KUPWARA
VIL_00152,"Mehtabpur (JAMMU AND KASHMIR, KATHUA)",31.205862,76.168954,1871,187,1059,1.27,1.97,1,1,0.694,0.716,561,37,0.2,JAMMU AND KASHMIR,KATHUA
VIL_00153,"Andergam (JAMMU AND KASHMIR, BARAMULLA)",34.208481,74.528705,4841,484,2740,0.45,5.84,1,1,0.694,0.709,1452,97,0.2,JAMMU AND KASHMIR,BARAMULLA
VIL_00154,"Kakrai (JAMMU AND KASHMIR, UDHAMPUR)",28.057821,75.930356,6842,684,3873,0.0,9.98,1,1,0.694,0.636,2053,137,0.2,JAMMU AND KASHMIR,UDHAMPUR
VIL_00155,"Surinsar (JAMMU AND KASHMIR, JAMMU)",32.760532,74.939797,29384,2938,16631,1.3,18.26,1,1,0.694,0.704,8815,588,0.2,JAMMU AND KASHMIR,JAMMU
VIL_00156,"JKotli (JAMMU AND KASHMIR, JAMMU)",32.796472,74.915333,7927,793,4487,0.63,21.29,2,1,0.694,0.704,2378,159,0.2,JAMMU AND KASHMIR,JAMMU
VIL_00157,"Fatehpur (JAMMU AND KASHMIR, KATHUA)",25.849981,80.89865,15679,1568,8874,2.34,12.78,1,1,0.694,0.716,4704,314,0.2,JAMMU AND KASHMIR,KATHUA
VIL_00158,"Hamirpur Sidhar (JAMMU AND KASHMIR, JAMMU)",32.602517,74.808422,4791,479,2712,2.77,4.87,1,1,0.694,0.704,1437,96,0.2,JAMMU AND KASHMIR,JAMMU
VIL_00159,"Chadwal (JAMMU AND KASHMIR, KATHUA)",32.467577,75.327371,2768,277,1567,0.37,6.62,1,1,0.694,0.716,830,55,0.2,JAMMU AND KASHMIR,KATHUA
VIL_00160,"Yal (JAMMU AND KASHMIR, BARAMULLA)",34.119379,74.518684,3300,330,1868,1.17,5.56,1,1,0.694,0.709,990,66,0.2,JAMMU AND KASHMIR,BARAMULLA
VIL_00161,"Daggar (JAMMU AND KASHMIR, KATHUA)",32.7559,72.402142,3999,400,2263,14.26,200.3,1,0,0.694,0.716,1200,80,0.2,JAMMU AND KASHMIR,KATHUA
VIL_00162,"Dhasania (JHARKHAND, JAMTARA)",24.10732,87.01745,39208,3921,14546,1.77,14.65,1,1,0.645,0.577,11762,784,0.15,JHARKHAND,JAMTARA
VIL_00163,"Ghormala Hunja (JHARKHAND, DUMKA)",24.09897,87.29105,3702,370,2021,3.22,12.99,1,1,0.652,0.744,1111,74,0.2,JHARKHAND,DUMKA
VIL_00164,"JKumarjori (JHARKHAND, SAHEBGANJ)",24.8869,87.6071,13970,1397,6286,1.05,1.05,5,1,0.663,0.768,4191,279,0.2,JHARKHAND,SAHEBGANJ
VIL_00165,"Dumariya (JHARKHAND, GARHWA)",24.175641,83.813649,3469,347,1551,1.64,1.64,5,1,0.595,0.65,1041,69,0.2,JHARKHAND,GARHWA
VIL_00166,"Humbu (JHARKHAND, LATEHAR)",23.882264,84.704844,15050,1505,7194,2.41,10.43,1,1,0.623,0.644,4515,301,0.2,JHARKHAND,LATEHAR
VIL_00167,"Bahdurchak (JHARKHAND, GODDA)",25.0328,87.59,9719,972,5258,0.31,0.39,1,1,0.654,0.55,2916,194,0.15,JHARKHAND,GODDA
VIL_00168,"Kadru (JHARKHAND, RANCHI)",23.348982,85.31556,6302,630,3535,1.62,2.54,2,1,0.695,0.919,1891,126,0.2,JHARKHAND,RANCHI
VIL_00169,"Singhdih (JHARKHAND, DHANBAD)",23.795661,86.430378,6914,691,3754,0.93,0.24,1,1,0.69,0.993,2074,138,0.2,JHARKHAND,DHANBAD
VIL_00170,"Bila (JHARKHAND, WEST SINGHBHUM)",22.802459,86.197145,4230,423,1903,2.35,4.16,1,1,0.663,0.768,1269,85,0.2,JHARKHAND,WEST SINGHBHUM
VIL_00171,"Saraiya (JHARKHAND, HAZARIBAGH)",24.20155,85.35115,10206,1021,4593,1.38,13.54,1,1,0.687,0.797,3062,204,0.2,JHARKHAND,HAZARIBAGH
VIL_00172,"Badam (JHARKHAND, HAZARIBAGH)",23.849271,85.217928,4964,496,2234,0.58,0.58,5,1,0.687,0.797,1489,99,0.2,JHARKHAND,HAZARIBAGH
VIL_00173,"Dumri (JHARKHAND, PALAMU)",24.19075,84.42252,2679,268,1184,4.71,4.71,5,1,0.671,0.65,804,54,0.2,JHARKHAND,PALAMU
VIL_00174,"Salgi (JHARKHAND, LOHARDAGA)",23.578853,84.704777,2570,257,1056,0.0,11.41,1,1,0.694,0.694,771,51,0.2,JHARKHAND,LOHARDAGA
VIL_00175,"Ganiarikala (JHARKHAND, GARHWA)",24.187505,83.707495,8200,820,3665,0.59,0.59,5,1,0.595,0.65,2460,164,0.2,JHARKHAND,GARHWA
VIL_00176,"Chattanahalli (KARNATAKA, DAVANGERE)",14.1,75.57,25264,2526,17988,0.41,5.48,1,1,0.694,0.941,7579,505,0.2,KARNATAKA,DAVANGERE
VIL_00177,"Hullatti (KARNATAKA, HAVERI)",14.864093,75.1011,8118,812,5780,0.32,9.75,1,1,0.694,0.964,2435,162,0.2,KARNATAKA,HAVERI
VIL_00178,"Malvi (KARNATAKA, VIJAYNAGAR)",14.999861,76.197712,6496,650,4625,0.2,6.3,1,1,0.694,0.941,1949,130,0.2,KARNATAKA,VIJAYNAGAR
VIL_00179,"Hirekabbar (KARNATAKA, HAVERI)",14.349116,75.574018,8978,898,6392,0.27,10.92,1,1,0.694,0.964,2693,180,0.2,KARNATAKA,HAVERI
VIL_00180,"Bekkinkeri (KARNATAKA, BELAGAVI)",15.92,74.42,20306,2031,14458,0.42,11.25,1,1,0.694,0.941,6092,406,0.2,KARNATAKA,BELAGAVI
VIL_00181,"Munalli (KARNATAKA, KALABURAGI)",17.59,76.66,8513,851,6061,0.95,10.18,1,1,0.694,0.941,2554,170,0.2,KARNATAKA,KALABURAGI
VIL_00182,"Hagargond (KARNATAKA, VIJAYAPURA)",16.396538,76.268013,5142,514,3661,4.3,9.75,1,1,0.694,0.941,1543,103,0.2,KARNATAKA,VIJAYAPURA
VIL_00183,"Suntanur (KARNATAKA, KALABURAGI)",17.42,76.68,17308,1731,12323,1.01,10.7,1,1,0.694,0.941,5192,346,0.2,KARNATAKA,KALABURAGI
VIL_00184,"Madra B (KARNATAKA, KALABURAGI)",17.27,76.56,10066,1007,7167,1.11,10.56,1,1,0.694,0.941,3020,201,0.2,KARNATAKA,KALABURAGI
VIL_00185,"Belachinta (KARNATAKA, BALLARI)",15.203918,77.076551,24403,2440,17375,0.06,16.55,1,1,0.694,0.941,7321,488,0.2,KARNATAKA,BALLARI
VIL_00186,"Aluru (KARNATAKA, BENGALURU URBAN)",13.08,77.47,8271,827,5889,0.82,13.84,1,1,0.694,0.941,2481,165,0.2,KARNATAKA,BENGALURU URBAN
VIL_00187,"Kesagodu (KARNATAKA, HASSAN)",13.04,75.9,2682,268,1692,0.3,8.96,2,1,0.695,0.991,805,54,0.2,KARNATAKA,HASSAN
VIL_00188,"Shishuvinhal (KARNATAKA, HAVERI)",15.097363,75.323455,2391,239,1702,1.5,13.5,1,1,0.694,0.964,717,48,0.2,KARNATAKA,HAVERI
VIL_00189,"Anur (KARNATAKA, CHIKKAMAGALURU)",13.302232,75.682006,26759,2676,19052,1.6,18.11,1,1,0.694,0.941,8028,535,0.2,KARNATAKA,CHIKKAMAGALURU
VIL_00190,"Padinjattakkara (KERALA, KOLLAM)",9.72,76.64,28362,2836,12479,53.18,53.18,5,0,0.699,0.761,8509,567,0.2,KERALA,KOLLAM
VIL_00191,"Kokkad (KERALA, KOLLAM)",8.98,76.87,6187,619,2722,18.34,39.45,1,1,0.699,0.761,1856,124,0.2,KERALA,KOLLAM
VIL_00192,"Chayalode (KERALA, PATHANAMTHITTA)",9.13,76.79,5257,526,2623,25.24,26.65,1,1,0.697,0.788,1577,105,0.2,KERALA,PATHANAMTHITTA
VIL_00193,"Kadukutty (KERALA, THRISSUR)",10.26,76.31,22995,2300,11796,8.17,71.3,1,0,0.7,0.823,6898,460,0.2,KERALA,THRISSUR
VIL_00194,"Pullanicode (KERALA, THIRUVANANTHAPURAM)",8.75924,76.719959,2946,295,1511,17.31,62.55,1,0,0.699,0.873,884,59,0.2,KERALA,THIRUVANANTHAPURAM
VIL_00195,"Puthenthope (KERALA, THIRUVANANTHAPURAM)",8.57,76.84,3491,349,1791,10.12,45.21,1,1,0.699,0.873,1047,70,0.2,KERALA,THIRUVANANTHAPURAM
VIL_00196,"Anjoottimangalam (KERALA, KOTTAYAM)",9.7138,76.769,11951,1195,5593,45.76,45.76,5,1,0.697,0.874,3585,239,0.2,KERALA,KOTTAYAM
VIL_00197,"Moozhoor (KERALA, KOTTAYAM)",9.621224,76.654551,5209,521,2438,43.62,43.62,5,1,0.697,0.874,1563,104,0.2,KERALA,KOTTAYAM
VIL_00198,"Velliyamattom (KERALA, IDUKKI)",9.84144,76.81674,7114,711,2981,48.08,50.0,1,0,0.693,0.803,2134,142,0.2,KERALA,IDUKKI
VIL_00199,"Nariparamba (KERALA, MALAPPURAM)",10.785481,76.001101,6267,627,3585,49.41,86.05,1,0,0.698,0.899,1880,125,0.2,KERALA,MALAPPURAM
VIL_00200,"Vayikkilassery (KERALA, KOZHIKODE)",11.63,75.6,9357,936,3640,11.32,10.38,1,1,0.697,0.779,2807,187,0.2,KERALA,KOZHIKODE
VIL_00201,"Ettukudukka (KERALA, KANNUR)",12.204,75.233248,22023,2202,11474,25.16,42.35,1,1,0.698,0.839,6607,440,0.2,KERALA,KANNUR
VIL_00202,"Karekkad (KERALA, MALAPPURAM)",10.944272,76.067244,7680,768,4393,31.33,67.0,1,0,0.698,0.899,2304,154,0.2,KERALA,MALAPPURAM
VIL_00203,"Kizhakkumuri (KERALA, KOZHIKODE)",11.31,75.84,11956,1196,4651,25.85,54.5,1,0,0.697,0.779,3587,239,0.2,KERALA,KOZHIKODE
VIL_00204,"Lochum (LADAKH, KARGIL)",34.16264,77.67143,1385,138,1197,55.7,167.85,1,0,0.694,0.66,416,28,0.2,LADAKH,KARGIL
VIL_00205,"Hemis Shukpacahan (LADAKH, LEH LADAKH)",34.97879,76.05627,6870,687,5936,43.53,118.33,1,0,0.694,0.679,2061,137,0.2,LADAKH,LEH LADAKH
VIL_00206,"SALISKOT (LADAKH, KARGIL)",34.409335,76.013078,3638,364,3143,61.88,98.17,1,0,0.694,0.66,1091,73,0.2,LADAKH,KARGIL
VIL_00207,"Trespone (LADAKH, KARGIL)",34.422585,76.045443,2694,269,2328,61.98,101.47,1,0,0.694,0.66,808,54,0.2,LADAKH,KARGIL
VIL_00208,"Dumkhar (LADAKH, LEH LADAKH)",34.152593,77.577046,3538,354,3057,60.35,161.05,1,0,0.694,0.679,1061,71,0.2,LADAKH,LEH LADAKH
VIL_00209,"Mushkoo (LADAKH, KARGIL)",34.13288,77.63356,5467,547,4723,60.08,163.04,1,0,0.694,0.66,1640,109,0.2,LADAKH,KARGIL
VIL_00210,"Chuchot Gongma (LADAKH, LEH LADAKH)",33.799694,77.575858,14862,1486,12841,96.74,134.72,1,0,0.694,0.679,4459,297,0.2,LADAKH,LEH LADAKH
VIL_00211,"BASGO (LADAKH, LEH LADAKH)",34.2169,77.2833,2472,247,2136,60.76,150.11,1,0,0.694,0.679,742,49,0.2,LADAKH,LEH LADAKH
VIL_00212,"Safi (LADAKH, KARGIL)",34.296566,76.249248,7320,732,6324,43.35,111.18,1,0,0.694,0.66,2196,146,0.2,LADAKH,KARGIL
VIL_00213,"Zangla (LADAKH, KARGIL)",33.67,76.8849,4849,485,4190,47.37,79.12,1,0,0.694,0.66,1455,97,0.2,LADAKH,KARGIL
VIL_00214,"Sangra (LADAKH, KARGIL)",34.99447,78.78784,5496,550,4749,91.44,305.59,1,0,0.694,0.66,1649,110,0.2,LADAKH,KARGIL
VIL_00215,"Parkachik (LADAKH, KARGIL)",34.052835,76.00173,15932,1593,13765,32.56,77.21,1,0,0.694,0.66,4780,319,0.2,LADAKH,KARGIL
VIL_00216,"Bodhkharboo (LADAKH, KARGIL)",34.255336,76.635052,10986,1099,9492,48.69,132.29,1,0,0.694,0.66,3296,220,0.2,LADAKH,KARGIL
VIL_00217,"Chuchul (LADAKH, LEH LADAKH)",33.602952,78.656179,20822,2082,17990,134.23,162.34,1,0,0.694,0.679,6247,416,0.2,LADAKH,LEH LADAKH
VIL_00218,"Bithra (LAKSHADWEEP, LAKSHADWEEP DISTRICT)",11.598982,72.186846,60000,6000,33960,270.6,320.47,2,0,0.694,0.839,18000,1200,0.2,LAKSHADWEEP,LAKSHADWEEP DISTRICT
VIL_00219,"Itarshi (MADHYA PRADESH, SEHORE)",22.605486,77.753544,4093,409,2734,0.0,20.38,1,1,0.694,0.972,1228,82,0.2,MADHYA PRADESH,SEHORE
VIL_00220,"Chandpur (MADHYA PRADESH, REWA)",24.5373,81.3042,5972,597,4216,0.0,0.0,1,1,0.676,0.964,1792,119,0.2,MADHYA PRADESH,REWA
VIL_00221,"Patre (MADHYA PRADESH, CHHINDWARA)",22.328724,78.381157,8672,867,4466,9.33,17.08,1,1,0.692,0.718,2602,173,0.2,MADHYA PRADESH,CHHINDWARA
VIL_00222,"Nipaniya Hanuman (MADHYA PRADESH, AGAR MALWA)",23.688009,75.894059,8227,823,3381,4.52,12.08,1,1,0.696,0.881,2468,165,0.2,MADHYA PRADESH,AGAR MALWA
VIL_00223,"Mudiya Richka (MADHYA PRADESH, MANDLA)",22.636145,80.934096,3000,300,1722,3.94,21.22,1,1,0.678,0.839,900,60,0.2,MADHYA PRADESH,MANDLA
VIL_00224,"Lasudiakhas (MADHYA PRADESH, SEHORE)",23.094031,76.863448,7679,768,5130,3.45,16.28,2,1,0.694,0.972,2304,154,0.2,MADHYA PRADESH,SEHORE
VIL_00225,"Madrani (MADHYA PRADESH, JHABUA)",22.9,74.54,8574,857,4827,0.62,0.62,5,1,0.692,0.987,2572,171,0.2,MADHYA PRADESH,JHABUA
VIL_00226,"Bangawan (MADHYA PRADESH, SHIVPURI)",25.46,78.14,53522,5352,32702,0.82,0.82,5,1,0.68,0.758,16057,1070,0.2,MADHYA PRADESH,SHIVPURI
VIL_00227,"Pawarjhanda (MADHYA PRADESH, BETUL)",22.222681,77.815737,32059,3206,15613,0.46,9.68,1,1,0.687,0.961,9618,641,0.2,MADHYA PRADESH,BETUL
VIL_00228,"Khumkal (MADHYA PRADESH, CHHINDWARA)",22.073874,78.480523,3609,361,1859,4.32,16.6,1,1,0.692,0.718,1083,72,0.2,MADHYA PRADESH,CHHINDWARA
VIL_00229,"Patela (MADHYA PRADESH, MANDSAUR)",23.8792,76.1979,5676,568,2929,1.59,11.82,1,1,0.699,0.881,1703,114,0.2,MADHYA PRADESH,MANDSAUR
VIL_00230,"Bhaiswahi (MADHYA PRADESH, DINDORI)",22.975974,80.278705,2215,222,1170,1.06,12.43,1,1,0.682,0.784,664,44,0.2,MADHYA PRADESH,DINDORI
VIL_00231,"Aroliya (MADHYA PRADESH, SEHORE)",22.976396,76.681696,4453,445,2975,4.08,6.75,1,1,0.694,0.972,1336,89,0.2,MADHYA PRADESH,SEHORE
VIL_00232,"Pindari mal (MADHYA PRADESH, MANDLA)",22.820933,80.62677,9194,919,5277,2.25,5.31,1,1,0.678,0.839,2758,184,0.2,MADHYA PRADESH,MANDLA
VIL_00233,"Basargi (MAHARASHTRA, SANGLI)",17.04,75.21,18743,1874,10609,0.53,1.39,1,1,0.694,0.882,5623,375,0.2,MAHARASHTRA,SANGLI
VIL_00234,"Chikalthan (MAHARASHTRA, AHMEDNAGAR)",19.369225,74.411525,3986,399,2256,3.12,12.52,1,1,0.694,0.869,1196,80,0.2,MAHARASHTRA,AHMEDNAGAR
VIL_00235,"Wagholi (MAHARASHTRA, GADCHIROLI)",19.902781,79.081415,4233,423,2396,1.71,20.54,1,1,0.694,0.68,1270,85,0.2,MAHARASHTRA,GADCHIROLI
VIL_00236,"Pendapur (MAHARASHTRA, AURANGABAD)",19.80065,75.1872,1282,128,726,2.88,15.7,1,1,0.694,0.923,385,26,0.2,MAHARASHTRA,AURANGABAD
VIL_00237,"Kondhan (MAHARASHTRA, PALGHAR)",19.759633,72.8929,6271,627,3549,1.28,3.72,1,1,0.694,0.82,1881,125,0.2,MAHARASHTRA,PALGHAR
VIL_00238,"Kohalitola (MAHARASHTRA, GONDIA)",21.14,80.19,3053,305,1728,1.76,10.07,1,1,0.694,0.981,916,61,0.2,MAHARASHTRA,GONDIA
VIL_00239,"Sukala (MAHARASHTRA, GADCHIROLI)",20.411015,79.070042,4677,468,2647,0.77,17.08,1,1,0.694,0.68,1403,94,0.2,MAHARASHTRA,GADCHIROLI
VIL_00240,"Adhi (MAHARASHTRA, RAIGAD)",18.139305,73.355535,3542,354,2005,3.48,4.87,1,1,0.694,0.668,1063,71,0.2,MAHARASHTRA,RAIGAD
VIL_00241,"Yelda (MAHARASHTRA, BEED)",18.808256,76.347185,6624,662,3749,1.04,8.73,1,1,0.694,0.861,1987,132,0.2,MAHARASHTRA,BEED
VIL_00242,"Loni (MAHARASHTRA, YAVATMAL)",19.7514,75.7138,1751,175,991,0.01,17.7,1,1,0.694,0.992,525,35,0.2,MAHARASHTRA,YAVATMAL
VIL_00243,"BHENDALA (MAHARASHTRA, CHANDRAPUR)",20.45,79.52,2209,221,1250,0.79,16.23,1,1,0.694,0.96,663,44,0.2,MAHARASHTRA,CHANDRAPUR
VIL_00244,"Vihe Vasahat (MAHARASHTRA, SATARA)",17.338228,74.055704,39233,3923,22206,0.12,15.11,1,1,0.694,0.84,11770,785,0.2,MAHARASHTRA,SATARA
VIL_00245,"Varzadi (MAHARASHTRA, DHULE)",21.430054,74.918006,2550,255,1443,3.75,9.06,1,1,0.694,0.9,765,51,0.2,MAHARASHTRA,DHULE
VIL_00246,"Shindi (MAHARASHTRA, RATNAGIRI)",17.879722,74.590258,2970,297,1681,0.11,17.47,1,1,0.694,0.844,891,59,0.2,MAHARASHTRA,RATNAGIRI
VIL_00247,"Bungpun (MANIPUR, IMPHAL EAST)",24.564896,94.430094,31051,3105,28877,4.51,33.73,1,1,0.69,0.666,9315,621,0.2,MANIPUR,IMPHAL EAST
VIL_00248,"Potsangbam Khoirou (MANIPUR, IMPHAL WEST)",24.916863,93.89948,60000,6000,50580,0.16,3.1,1,1,0.696,0.658,18000,1200,0.2,MANIPUR,IMPHAL WEST
VIL_00249,"Samaram (MANIPUR, THOUBAL)",24.572571,94.012865,2798,280,2264,2.3,5.83,1,1,0.69,0.667,839,56,0.2,MANIPUR,THOUBAL
VIL_00250,"Moirang Purel (MANIPUR, KANGPOKPI)",24.79879,94.11464,5320,532,4485,1.83,15.25,1,1,0.69,0.597,1596,106,0.15,MANIPUR,KANGPOKPI
VIL_00251,"New Lambala (MANIPUR, TAMENGLONG)",25.071688,93.61009,9387,939,7810,5.1,14.49,1,1,0.655,0.48,2816,188,0.15,MANIPUR,TAMENGLONG
VIL_00252,"Yambem Laxmi Bazar (MANIPUR, KANGPOKPI)",24.689572,94.068398,28476,2848,24005,0.15,2.61,2,1,0.69,0.597,8543,570,0.15,MANIPUR,KANGPOKPI
VIL_00253,"Arong (MANIPUR, KAKCHING)",24.449607,93.858751,3243,324,2734,1.04,8.88,1,1,0.69,0.597,973,65,0.15,MANIPUR,KAKCHING
VIL_00254,"Kotlien (MANIPUR, KANGPOKPI)",24.431893,93.565868,5870,587,4948,4.33,23.25,1,1,0.69,0.597,1761,117,0.15,MANIPUR,KANGPOKPI
VIL_00255,"Ngaimu (MANIPUR, UKHRUL)",25.145211,94.322826,13303,1330,11041,4.28,6.75,2,1,0.665,0.632,3991,266,0.2,MANIPUR,UKHRUL
VIL_00256,"Wangoo Tera (MANIPUR, BISHNUPUR)",24.386716,93.848254,10114,1011,9173,0.24,10.65,2,1,0.69,0.667,3034,202,0.2,MANIPUR,BISHNUPUR
VIL_00257,"Bunglong (MANIPUR, KANGPOKPI)",24.2419,93.66525,5287,529,4457,0.53,22.09,1,1,0.69,0.597,1586,106,0.15,MANIPUR,KANGPOKPI
VIL_00258,"Sagang (MANIPUR, BISHNUPUR)",24.383492,93.827062,6418,642,5821,0.17,11.08,2,1,0.69,0.667,1925,128,0.2,MANIPUR,BISHNUPUR
VIL_00259,"Nungbi Khunou (MANIPUR, UKHRUL)",25.235572,94.440714,2378,238,1974,1.28,17.06,1,1,0.665,0.632,713,48,0.2,MANIPUR,UKHRUL
VIL_00260,"Koide (MANIPUR, SENAPATI)",25.385581,94.18371,5904,590,4995,0.12,15.0,1,1,0.692,0.426,1771,118,0.15,MANIPUR,SENAPATI
VIL_00261,"Mawbon Chithu (MEGHALAYA, WEST KHASI HILLS)",25.470194,90.903117,5772,577,2303,10.89,27.82,1,1,0.595,0.715,1732,115,0.2,MEGHALAYA,WEST KHASI HILLS
VIL_00262,"Sawilgre (MEGHALAYA, EAST GARO HILLS)",25.562005,90.539796,8601,860,2417,1.65,8.45,1,1,0.682,0.676,2580,172,0.2,MEGHALAYA,EAST GARO HILLS
VIL_00263,"Lower Chisikgre (MEGHALAYA, WEST GARO HILLS)",25.810337,90.155834,4581,458,1012,3.13,10.43,1,1,0.663,0.768,1374,92,0.2,MEGHALAYA,WEST GARO HILLS
VIL_00264,"Aguragre (MEGHALAYA, WEST GARO HILLS)",25.619892,90.363434,10416,1042,2302,2.14,18.39,1,1,0.663,0.768,3125,208,0.2,MEGHALAYA,WEST GARO HILLS
VIL_00265,"Mawdumdum (MEGHALAYA, WEST JAINTIA HILLS)",25.734125,91.330414,16059,1606,5524,4.27,22.21,1,1,0.528,0.748,4818,321,0.2,MEGHALAYA,WEST JAINTIA HILLS
VIL_00266,"Gaobari (MEGHALAYA, SOUTH GARO HILLS)",25.205482,90.793368,8089,809,1658,6.92,16.37,1,1,0.69,0.796,2427,162,0.2,MEGHALAYA,SOUTH GARO HILLS
VIL_00267,"Raja Para (MEGHALAYA, RI BHOI)",25.955321,91.134422,9464,946,2224,1.95,8.3,2,1,0.663,0.748,2839,189,0.2,MEGHALAYA,RI BHOI
VIL_00268,"Malengma (MEGHALAYA, SOUTH GARO HILLS)",25.314446,90.741201,7453,745,1528,5.5,17.01,1,1,0.69,0.796,2236,149,0.2,MEGHALAYA,SOUTH GARO HILLS
VIL_00269,"Chinaranggre (MEGHALAYA, WEST GARO HILLS)",25.911981,90.430215,7143,714,1579,1.36,18.08,1,1,0.663,0.768,2143,143,0.2,MEGHALAYA,WEST GARO HILLS
VIL_00270,"Nongkhusba (MEGHALAYA, WEST JAINTIA HILLS)",25.414032,91.098717,4010,401,1379,1.79,20.55,1,1,0.528,0.748,1203,80,0.2,MEGHALAYA,WEST JAINTIA HILLS
VIL_00271,"Sheruphie (MEGHALAYA, EAST JAINTIA HILLS)",25.60601,92.43494,9201,920,2162,1.49,10.0,2,1,0.663,0.748,2760,184,0.2,MEGHALAYA,EAST JAINTIA HILLS
VIL_00272,"Bonggare Chimitcheng (MEGHALAYA, NORTH GARO HILLS)",25.902226,90.733327,6608,661,2590,1.58,10.45,1,1,0.682,0.748,1982,132,0.2,MEGHALAYA,NORTH GARO HILLS
VIL_00273,"Egopara (MEGHALAYA, WEST GARO HILLS)",25.840527,90.298934,38117,3812,8424,6.29,17.68,1,1,0.663,0.768,11435,762,0.2,MEGHALAYA,WEST GARO HILLS
VIL_00274,"Nagolpara (MEGHALAYA, SOUTH WEST GARO HILLS)",25.401344,90.016921,25148,2515,6262,3.03,11.82,1,1,0.668,0.748,7544,503,0.2,MEGHALAYA,SOUTH WEST GARO HILLS
VIL_00275,"Lungdar W (MIZORAM, MAMIT)",23.642517,92.594862,9726,973,3725,0.07,5.65,1,1,0.685,0.765,2918,195,0.2,MIZORAM,MAMIT
VIL_00276,"Vangchhia (MIZORAM, CHAMPHAI)",23.203465,93.332999,3879,388,1362,4.92,22.13,1,1,0.7,0.726,1164,78,0.2,MIZORAM,CHAMPHAI
VIL_00277,"Bungzung (MIZORAM, CHAMPHAI)",23.284183,93.237512,2933,293,1029,0.08,12.42,1,1,0.7,0.726,880,59,0.2,MIZORAM,CHAMPHAI
VIL_00278,"Hrianghmun (MIZORAM, SAITUAL)",23.97039,93.290898,18523,1852,7094,2.68,12.74,1,1,0.698,0.87,5557,370,0.2,MIZORAM,SAITUAL
VIL_00279,"Keifang (MIZORAM, SERCHHIP)",23.68374,92.96275,8814,881,3631,0.56,0.67,1,1,0.695,0.655,2644,176,0.2,MIZORAM,SERCHHIP
VIL_00280,"Tuipui D (MIZORAM, Hnahthial)",22.904987,92.931118,10488,1049,4017,0.43,6.38,1,1,0.698,0.87,3146,210,0.2,MIZORAM,Hnahthial
VIL_00281,"Vaphai (MIZORAM, CHAMPHAI)",23.14837,93.326454,1769,177,621,0.4,23.69,1,1,0.7,0.726,531,35,0.2,MIZORAM,CHAMPHAI
VIL_00282,"Lallen (MIZORAM, MAMIT)",23.622006,92.462268,15000,1500,5745,8.63,8.37,2,1,0.685,0.765,4500,300,0.2,MIZORAM,MAMIT
VIL_00283,"Khanpui (MIZORAM, SAITUAL)",23.856285,92.90582,10274,1027,3935,3.0,19.41,1,1,0.698,0.87,3082,205,0.2,MIZORAM,SAITUAL
VIL_00284,"Darzo (MIZORAM, Hnahthial)",22.835779,92.952983,2938,294,1125,0.79,14.32,1,1,0.698,0.87,881,59,0.2,MIZORAM,Hnahthial
VIL_00285,"Zawngling (MIZORAM, SAIHA)",22.266262,93.044672,4898,490,1876,0.18,25.51,1,1,0.698,0.996,1469,98,0.2,MIZORAM,SAIHA
VIL_00286,"Tuisentlang (MIZORAM, LAWNGTLAI)",22.116753,92.680943,8821,882,6060,4.79,51.33,1,0,0.623,0.996,2646,176,0.2,MIZORAM,LAWNGTLAI
VIL_00287,"Bualte (MIZORAM, AIZAWL)",22.806547,92.809464,7449,745,4656,4.96,10.47,1,1,0.698,0.999,2235,149,0.2,MIZORAM,AIZAWL
VIL_00288,"N.Serzawl (MIZORAM, AIZAWL)",24.006711,92.913771,5654,565,3534,0.95,25.94,2,1,0.698,0.999,1696,113,0.2,MIZORAM,AIZAWL
VIL_00289,"Showba Old (NAGALAND, DIMAPUR)",25.791769,93.808358,6575,658,6200,3.69,4.83,1,1,0.699,0.667,1972,132,0.2,NAGALAND,DIMAPUR
VIL_00290,"Khensa (NAGALAND, MOKOKCHUNG)",26.34559,94.488275,5839,584,4537,0.99,10.67,1,1,0.684,0.667,1752,117,0.2,NAGALAND,MOKOKCHUNG
VIL_00291,"N. Longidong (NAGALAND, WOKHA)",26.030747,94.332207,8070,807,6408,2.33,6.52,2,1,0.698,0.66,2421,161,0.2,NAGALAND,WOKHA
VIL_00292,"Nchongram (NAGALAND, PEREN)",25.353986,93.625329,23180,2318,21928,2.73,27.45,2,1,0.687,0.655,6954,464,0.2,NAGALAND,PEREN
VIL_00293,"Hak (NAGALAND, TUENSANG)",26.305996,94.772864,916,92,714,6.22,5.85,1,1,0.676,0.665,275,18,0.2,NAGALAND,TUENSANG
VIL_00294,"Yongphang (NAGALAND, LONGLENG)",26.450346,94.842336,5910,591,3646,5.9,14.05,1,1,0.694,0.667,1773,118,0.2,NAGALAND,LONGLENG
VIL_00295,"Sungro (NAGALAND, WOKHA)",26.269433,94.335475,8226,823,6531,4.5,15.72,1,1,0.698,0.66,2468,165,0.2,NAGALAND,WOKHA
VIL_00296,"Sipongsang (NAGALAND, TUENSANG)",26.41295,94.81196,9051,905,7060,4.68,13.09,1,1,0.676,0.665,2715,181,0.2,NAGALAND,TUENSANG
VIL_00297,"Athibung (NAGALAND, PEREN)",25.546868,93.621915,5305,530,5019,8.18,14.24,1,1,0.687,0.655,1592,106,0.2,NAGALAND,PEREN
VIL_00298,"Hokiye (NAGALAND, ZUNHEBOTO)",25.761591,94.562439,1752,175,1435,4.16,14.18,2,1,0.696,0.667,526,35,0.2,NAGALAND,ZUNHEBOTO
VIL_00299,"Sikur (NAGALAND, KIPHIRE)",25.994045,94.858567,9286,929,8469,5.88,17.31,2,1,0.685,0.661,2786,186,0.2,NAGALAND,KIPHIRE
VIL_00300,"Sanis (NAGALAND, WOKHA)",26.222507,94.219043,28446,2845,22586,2.04,14.74,1,1,0.698,0.66,8534,569,0.2,NAGALAND,WOKHA
VIL_00301,"Tsosesunyu (NAGALAND, KOHIMA)",25.909772,94.03017,2094,209,1535,4.06,14.4,1,1,0.696,0.655,628,42,0.2,NAGALAND,KOHIMA
VIL_00302,"Barakangtsung (NAGALAND, MOKOKCHUNG)",26.705461,94.706269,14256,1426,11077,1.15,2.72,1,1,0.684,0.667,4277,285,0.2,NAGALAND,MOKOKCHUNG
VIL_00303,"Maligaon (ODISHA, KALAHANDI)",19.303,82.899,5492,549,2823,4.7,18.16,1,1,0.68,0.705,1648,110,0.2,ODISHA,KALAHANDI
VIL_00304,"Gurutuan (ODISHA, KENDUJHAR)",21.929437,85.457383,6801,680,3856,2.02,11.53,1,1,0.638,0.878,2040,136,0.2,ODISHA,KENDUJHAR
VIL_00305,"Kukridihi (ODISHA, SUNDARGARH)",22.238602,84.073575,3077,308,1868,1.11,6.15,1,1,0.68,0.732,923,62,0.2,ODISHA,SUNDARGARH
VIL_00306,"Dimirimunda (ODISHA, KENDUJHAR)",21.628937,85.686035,5466,547,3099,2.62,10.82,1,1,0.638,0.878,1640,109,0.2,ODISHA,KENDUJHAR
VIL_00307,"A.K.Deuli (ODISHA, GANJAM)",19.563452,84.655065,20209,2021,9721,2.35,5.27,1,1,0.695,0.69,6063,404,0.2,ODISHA,GANJAM
VIL_00308,"Barpudigia (ODISHA, BALANGIR)",20.723315,83.338802,11384,1138,6375,0.65,4.59,1,1,0.685,0.949,3415,228,0.2,ODISHA,BALANGIR
VIL_00309,"Nagaon (ODISHA, ANUGUL)",20.706583,84.573508,28559,2856,10538,1.18,3.65,1,1,0.677,0.878,8568,571,0.2,ODISHA,ANUGUL
VIL_00310,"Kumusi (ODISHA, DHENKANAL)",20.847458,85.37049,18321,1832,8208,0.58,9.86,1,1,0.674,0.97,5496,366,0.2,ODISHA,DHENKANAL
VIL_00311,"Dolakasati (ODISHA, KHORDHA)",20.203903,85.960745,10149,1015,5765,2.1,2.21,1,1,0.696,0.878,3045,203,0.2,ODISHA,KHORDHA
VIL_00312,"Silisuan (ODISHA, KENDUJHAR)",21.840376,85.542063,28826,2883,16344,2.18,3.35,1,1,0.638,0.878,8648,577,0.2,ODISHA,KENDUJHAR
VIL_00313,"Sekhpur (ODISHA, KENDRAPARA)",20.552188,86.527137,10148,1015,5074,1.16,4.68,1,1,0.696,0.946,3044,203,0.2,ODISHA,KENDRAPARA
VIL_00314,"Hatibari (ODISHA, KORAPUT)",18.309202,82.625322,13853,1385,6289,0.91,25.76,1,1,0.673,0.975,4156,277,0.2,ODISHA,KORAPUT
VIL_00315,"Rangamatia (ODISHA, MAYURBHANJ)",21.932286,86.647002,5634,563,3014,0.28,0.28,5,1,0.632,0.733,1690,113,0.2,ODISHA,MAYURBHANJ
VIL_00316,"Badasahir (ODISHA, SAMBALPUR)",21.401926,84.121991,7533,753,3819,1.54,8.15,1,1,0.692,0.971,2260,151,0.2,ODISHA,SAMBALPUR
VIL_00317,"Thengaithittu (PUDUCHERRY, PONDICHERRY)",11.911688,79.817659,4088,409,2988,0.25,3.22,1,1,0.697,0.471,1226,82,0.15,PUDUCHERRY,PONDICHERRY
VIL_00318,"Nallambal (PUDUCHERRY, KARAIKAL)",10.93,79.76,15765,1576,11524,1.67,3.02,1,1,0.697,0.472,4730,315,0.15,PUDUCHERRY,KARAIKAL
VIL_00319,"Naluthara (PUDUCHERRY, MAHE)",11.69,75.53,2783,278,2126,2.47,1.2,1,1,0.698,0.471,835,56,0.15,PUDUCHERRY,MAHE
VIL_00320,"Lingareddipalayam (PUDUCHERRY, PONDICHERRY)",11.92,79.63,13356,1336,9763,0.64,5.93,1,1,0.697,0.471,4007,267,0.15,PUDUCHERRY,PONDICHERRY
VIL_00321,"Olugarai (PUDUCHERRY, PONDICHERRY)",11.94,79.78,6132,613,4482,0.3,1.84,1,1,0.697,0.471,1840,123,0.15,PUDUCHERRY,PONDICHERRY
VIL_00322,"Karikkalampakkam (PUDUCHERRY, PONDICHERRY)",11.859304,79.7484,18231,1823,13327,0.63,0.63,5,1,0.697,0.471,5469,365,0.15,PUDUCHERRY,PONDICHERRY
VIL_00323,"Abishegapakkam (PUDUCHERRY, PONDICHERRY)",11.867307,79.775032,13024,1302,9521,0.74,2.91,1,1,0.697,0.471,3907,260,0.15,PUDUCHERRY,PONDICHERRY
VIL_00324,"Thirubuvanai (PUDUCHERRY, PONDICHERRY)",11.93,79.64,30650,3065,22405,0.82,6.23,2,1,0.697,0.471,9195,613,0.15,PUDUCHERRY,PONDICHERRY
VIL_00325,"T.R.Pattinam South (PUDUCHERRY, KARAIKAL)",10.87,79.83,12816,1282,9368,1.31,5.79,2,1,0.697,0.472,3845,256,0.15,PUDUCHERRY,KARAIKAL
VIL_00326,"Karukkangudi (PUDUCHERRY, KARAIKAL)",10.95,79.77,2031,203,1485,0.96,2.89,1,1,0.697,0.472,609,41,0.15,PUDUCHERRY,KARAIKAL
VIL_00327,"Suthukeni (PUDUCHERRY, PONDICHERRY)",12.01,79.68,6770,677,4949,0.46,5.42,1,1,0.697,0.471,2031,135,0.15,PUDUCHERRY,PONDICHERRY
VIL_00328,"Mangalam (PUDUCHERRY, PONDICHERRY)",11.89,79.72,2797,280,2045,0.62,4.16,1,1,0.697,0.471,839,56,0.15,PUDUCHERRY,PONDICHERRY
VIL_00329,"Kijour (PUDUCHERRY, PONDICHERRY)",11.87,79.68,4718,472,3449,1.0,7.46,1,1,0.697,0.471,1415,94,0.15,PUDUCHERRY,PONDICHERRY
VIL_00330,"Nallathur (PUDUCHERRY, KARAIKAL)",11.0,79.77,23929,2393,17492,1.0,7.94,1,1,0.697,0.472,7179,479,0.15,PUDUCHERRY,KARAIKAL
VIL_00331,"Doburji (PUNJAB, LUDHIANA)",30.77938,75.95721,11895,1190,8897,2.16,7.13,1,1,0.698,0.999,3568,238,0.2,PUNJAB,LUDHIANA
VIL_00332,"Dhigana (PUNJAB, SRI MUKTSAR SAHIB)",30.386807,74.487153,4084,408,3055,1.48,10.05,1,1,0.698,0.89,1225,82,0.2,PUNJAB,SRI MUKTSAR SAHIB
VIL_00333,"Bilaspur (PUNJAB, LUDHIANA)",22.079625,82.139141,3174,317,2374,0.62,14.61,2,1,0.698,0.999,952,63,0.2,PUNJAB,LUDHIANA
VIL_00334,"Chuhar Chak (PUNJAB, MOGA)",30.79727,75.32054,7333,733,5595,1.47,3.94,1,1,0.699,0.935,2200,147,0.2,PUNJAB,MOGA
VIL_00335,"Mehsumpur (PUNJAB, JALANDHAR)",31.21781,75.76939,2699,270,2000,0.7,1.52,1,1,0.697,0.859,810,54,0.2,PUNJAB,JALANDHAR
VIL_00336,"Kumbh (PUNJAB, FATEHGARH SAHIB)",30.63,76.28,4175,418,2710,1.31,9.84,1,1,0.697,1.0,1252,84,0.2,PUNJAB,FATEHGARH SAHIB
VIL_00337,"Talwandi Rai (PUNJAB, LUDHIANA)",30.698179,75.575702,9168,917,6858,0.18,6.07,1,1,0.698,0.999,2750,183,0.2,PUNJAB,LUDHIANA
VIL_00338,"Jhaj (PUNJAB, RUPNAGAR)",30.966611,76.371528,18000,1800,11196,2.78,8.71,1,1,0.699,0.89,5400,360,0.2,PUNJAB,RUPNAGAR
VIL_00339,"Budha Theh (PUNJAB, AMRITSAR)",31.82,75.0,11625,1162,8579,0.46,6.69,1,1,0.699,0.867,3488,232,0.2,PUNJAB,AMRITSAR
VIL_00340,"Longodeva (PUNJAB, MOGA)",30.968538,74.991056,1142,114,871,3.33,0.06,1,1,0.699,0.935,343,23,0.2,PUNJAB,MOGA
VIL_00341,"Kular (PUNJAB, LUDHIANA)",31.225925,75.350692,9112,911,6816,2.23,9.82,1,1,0.698,0.999,2734,182,0.2,PUNJAB,LUDHIANA
VIL_00342,"Jhottianwali (PUNJAB, FAZILKA)",30.403733,74.025531,7567,757,6008,3.25,13.82,1,1,0.699,0.909,2270,151,0.2,PUNJAB,FAZILKA
VIL_00343,"Boothgarh (PUNJAB, LUDHIANA)",30.98,75.95,9947,995,7440,0.53,11.78,1,1,0.698,0.999,2984,199,0.2,PUNJAB,LUDHIANA
VIL_00344,"Ber Khurd (PUNJAB, LUDHIANA)",30.657558,75.976077,26026,2603,19467,1.82,4.49,1,1,0.698,0.999,7808,521,0.2,PUNJAB,LUDHIANA
VIL_00345,"Kesar (RAJASTHAN, RAJSAMAND)",24.99,73.53,1371,137,93,0.99,1.11,1,1,0.692,0.999,411,27,0.2,RAJASTHAN,RAJSAMAND
VIL_00346,"Dholkhera (RAJASTHAN, DAUSA)",26.739159,76.123605,4451,445,392,1.86,2.81,1,1,0.693,0.988,1335,89,0.2,RAJASTHAN,DAUSA
VIL_00347,"Solangpura (RAJASTHAN, TONK)",26.16204,75.789472,11460,1146,1776,1.9,1.68,2,1,0.685,0.985,3438,229,0.2,RAJASTHAN,TONK
VIL_00348,"Sardi (RAJASTHAN, NAGAUR)",27.399514,74.575602,2015,202,201,1.02,0.0,2,1,0.693,0.986,604,40,0.2,RAJASTHAN,NAGAUR
VIL_00349,"Balupura (RAJASTHAN, PALI)",25.23935,73.0247,23263,2326,884,1.31,9.61,2,1,0.698,0.98,6979,465,0.2,RAJASTHAN,PALI
VIL_00350,"Gandheli (RAJASTHAN, HANUMANGARH)",29.197877,74.545323,9591,959,1055,2.11,15.72,1,1,0.693,0.982,2877,192,0.2,RAJASTHAN,HANUMANGARH
VIL_00351,"Jatiyana (RAJASTHAN, ALWAR)",27.628297,76.612388,14061,1406,2700,3.56,7.41,1,1,0.685,0.989,4218,281,0.2,RAJASTHAN,ALWAR
VIL_00352,"Dalpatpura (RAJASTHAN, HANUMANGARH)",29.066738,74.81562,4524,452,498,0.18,13.8,1,1,0.693,0.982,1357,90,0.2,RAJASTHAN,HANUMANGARH
VIL_00353,"Mawasia (RAJASTHAN, AJMER)",26.303,74.733,13696,1370,1548,3.43,0.28,1,1,0.699,0.983,4109,274,0.2,RAJASTHAN,AJMER
VIL_00354,"Bajrangpura (RAJASTHAN, JAIPUR)",27.533964,76.042092,16792,1679,3107,0.0,7.04,1,1,0.696,0.983,5038,336,0.2,RAJASTHAN,JAIPUR
VIL_00355,"Hudia (RAJASTHAN, NAGAUR)",27.03355,74.67655,8606,861,861,3.81,4.68,1,1,0.693,0.986,2582,172,0.2,RAJASTHAN,NAGAUR
VIL_00356,"Ambasar (RAJASTHAN, BIKANER)",27.8819,73.3443,8616,862,1086,0.01,9.79,1,1,0.673,0.967,2585,172,0.2,RAJASTHAN,BIKANER
VIL_00357,"Gamdi Deval (RAJASTHAN, DUNGARPUR)",23.887385,73.591318,8867,887,222,2.93,10.96,2,1,0.696,0.985,2660,177,0.2,RAJASTHAN,DUNGARPUR
VIL_00358,"Sagoraliya (RAJASTHAN, BARMER)",25.936508,70.290811,3580,358,79,2.7,41.27,1,1,0.668,0.986,1074,72,0.2,RAJASTHAN,BARMER
VIL_00359,"Nandok (SIKKIM, EAST DISTRICT)",27.29,88.61,6348,635,4450,0.96,16.6,1,1,0.696,0.72,1904,127,0.2,SIKKIM,EAST DISTRICT
VIL_00360,"Gangkha Busty (SIKKIM, EAST DISTRICT)",27.33,88.6,6322,632,4432,1.4,13.69,2,1,0.696,0.72,1897,126,0.2,SIKKIM,EAST DISTRICT
VIL_00361,"Kaluk (SIKKIM, Soreng)",27.23,88.25,9707,971,7688,3.36,7.47,1,1,0.696,0.669,2912,194,0.2,SIKKIM,Soreng
VIL_00362,"Wok (SIKKIM, SOUTH DISTRICT)",27.32,88.61,15894,1589,12588,0.95,13.86,1,1,0.697,0.72,4768,318,0.2,SIKKIM,SOUTH DISTRICT
VIL_00363,"Payiong (SIKKIM, SOUTH DISTRICT)",27.53,88.51,3063,306,2426,0.39,4.33,2,1,0.697,0.72,919,61,0.2,SIKKIM,SOUTH DISTRICT
VIL_00364,"Sanganath (SIKKIM, WEST DISTRICT)",27.53,88.51,6463,646,5177,0.39,4.33,2,1,0.692,0.72,1939,129,0.2,SIKKIM,WEST DISTRICT
VIL_00365,"Sadam (SIKKIM, SOUTH DISTRICT)",27.11,88.42,23366,2337,18506,1.09,5.51,1,1,0.697,0.72,7010,467,0.2,SIKKIM,SOUTH DISTRICT
VIL_00366,"Sri Badam (SIKKIM, WEST DISTRICT)",27.2,88.2,3940,394,3156,1.63,10.94,1,1,0.692,0.72,1182,79,0.2,SIKKIM,WEST DISTRICT
VIL_00367,"Phadamchen (SIKKIM, Pakyong)",27.23,88.76,3700,370,2930,3.21,21.69,1,1,0.696,0.771,1110,74,0.2,SIKKIM,Pakyong
VIL_00368,"Sinchuthang (SIKKIM, EAST DISTRICT)",27.26,88.43,8398,840,5887,0.82,12.31,1,1,0.696,0.72,2519,168,0.2,SIKKIM,EAST DISTRICT
VIL_00369,"Bering (SIKKIM, Pakyong)",27.22,88.66,14036,1404,11117,0.22,21.78,1,1,0.696,0.771,4211,281,0.2,SIKKIM,Pakyong
VIL_00370,"Lingthem (SIKKIM, NORTH DISTRICT)",27.52,88.5,7208,721,5709,0.9,4.22,1,1,0.696,0.72,2162,144,0.2,SIKKIM,NORTH DISTRICT
VIL_00371,"Khechuperi (SIKKIM, WEST DISTRICT)",27.34,88.18,20682,2068,16566,1.43,8.9,1,1,0.692,0.72,6205,414,0.2,SIKKIM,WEST DISTRICT
VIL_00372,"Pachey Sansung (SIKKIM, Pakyong)",27.53,88.51,14176,1418,11227,0.39,4.33,2,1,0.696,0.771,4253,284,0.2,SIKKIM,Pakyong
VIL_00373,"Pallavarayanpatti (TAMIL NADU, THENI)",9.805362,77.32873,14007,1401,4566,0.24,0.06,1,1,0.696,0.984,4202,280,0.2,TAMIL NADU,THENI
VIL_00374,"Vetrilaiyurani (TAMIL NADU, VIRUDHUNAGAR)",9.39,77.82,11127,1113,5419,1.38,8.73,1,1,0.696,0.944,3338,223,0.2,TAMIL NADU,VIRUDHUNAGAR
VIL_00375,"Vadugachery (TAMIL NADU, NAGAPATTINAM)",10.72,79.77,45981,4598,13380,0.57,0.57,5,1,0.693,0.982,13794,920,0.2,TAMIL NADU,NAGAPATTINAM
VIL_00376,"Kayyunni (TAMIL NADU, THE NILGIRIS)",11.538546,76.262033,6062,606,1546,0.0,10.25,1,1,0.69,0.845,1819,121,0.2,TAMIL NADU,THE NILGIRIS
VIL_00377,"Thinnappatti (TAMIL NADU, SALEM)",11.816508,78.093318,1438,144,467,1.32,1.96,1,1,0.696,0.955,431,29,0.2,TAMIL NADU,SALEM
VIL_00378,"Tiruvattevan (TAMIL NADU, THANJAVUR)",10.17,79.23,25778,2578,7579,3.47,9.59,1,1,0.692,0.946,7733,516,0.2,TAMIL NADU,THANJAVUR
VIL_00379,"Kovilangulam (TAMIL NADU, RAMANATHAPURAM)",9.27,78.42,4953,495,1501,0.49,9.95,1,1,0.695,0.993,1486,99,0.2,TAMIL NADU,RAMANATHAPURAM
VIL_00380,"Teralapur (TAMIL NADU, SIVAGANGA)",9.961849,78.875325,7787,779,2515,1.36,6.77,1,1,0.696,0.955,2336,156,0.2,TAMIL NADU,SIVAGANGA
VIL_00381,"Govindapuram (TAMIL NADU, TIRUPPUR)",10.709,77.42205,20364,2036,8166,0.34,3.59,1,1,0.696,0.995,6109,407,0.2,TAMIL NADU,TIRUPPUR
VIL_00382,"Jaffarapettai (TAMIL NADU, VELLORE)",12.9594,79.1115,1982,198,567,1.25,5.47,2,1,0.695,0.666,595,40,0.2,TAMIL NADU,VELLORE
VIL_00383,"Eraiyur (TAMIL NADU, PERAMBALUR)",11.17,78.89,2624,262,643,0.99,3.69,1,1,0.694,1.0,787,52,0.2,TAMIL NADU,PERAMBALUR
VIL_00384,"Molayanur (TAMIL NADU, DHARMAPURI)",11.91819,78.36457,1984,198,486,2.0,0.04,1,1,0.696,0.745,595,40,0.2,TAMIL NADU,DHARMAPURI
VIL_00385,"Sandanapalli (TAMIL NADU, KRISHNAGIRI)",12.5498,77.8328,3784,378,999,1.64,3.56,1,1,0.694,0.987,1135,76,0.2,TAMIL NADU,KRISHNAGIRI
VIL_00386,"Cruz Fernandespuram (TAMIL NADU, TUTICORIN)",8.82681,78.16229,10154,1015,2985,0.7,4.27,1,1,0.695,0.963,3046,203,0.2,TAMIL NADU,TUTICORIN
VIL_00387,"Pedanemilla (TELANGANA, SURYAPET)",17.34767,79.770495,10864,1086,4009,3.2,28.79,1,1,0.696,0.917,3259,217,0.2,TELANGANA,SURYAPET
VIL_00388,"Talamadgu (TELANGANA, ADILABAD)",19.642647,78.393466,8910,891,3243,0.0,14.1,1,1,0.694,0.616,2673,178,0.2,TELANGANA,ADILABAD
VIL_00389,"Lingapur (TELANGANA, Jagitial)",18.747292,79.056072,2307,231,941,0.54,15.94,1,1,0.695,0.827,692,46,0.2,TELANGANA,Jagitial
VIL_00390,"Koratlagudem (TELANGANA, KHAMMAM)",17.10185,80.02553,1125,112,446,1.35,13.16,1,1,0.698,0.959,338,22,0.2,TELANGANA,KHAMMAM
VIL_00391,"Kirdoli Bari (TELANGANA, Mulugu)",27.531834,74.748933,7460,746,2917,1.28,9.34,1,1,0.696,0.798,2238,149,0.2,TELANGANA,Mulugu
VIL_00392,"Katchavanisingaram (TELANGANA, MEDCHAL MALKAJGIRI)",17.4022,78.6232,4897,490,2262,3.31,8.29,2,1,0.7,0.873,1469,98,0.2,TELANGANA,MEDCHAL MALKAJGIRI
VIL_00393,"Wajrakhandi (TELANGANA, KAMAREDDY)",18.31412,77.614685,10315,1032,3456,1.1,13.72,1,1,0.696,0.964,3094,206,0.2,TELANGANA,KAMAREDDY
VIL_00394,"Chichondi (TELANGANA, Nirmal)",19.192767,77.951021,12524,1252,6275,3.66,9.79,1,1,0.696,0.785,3757,250,0.2,TELANGANA,Nirmal
VIL_00395,"Venkatapuram (TELANGANA, KHAMMAM)",17.247263,80.151435,7978,798,3159,0.29,0.24,1,1,0.698,0.959,2393,160,0.2,TELANGANA,KHAMMAM
VIL_00396,"Rebarthy (TELANGANA, SIDDIPET)",17.223,79.12,13121,1312,5130,1.62,7.85,1,1,0.696,0.744,3936,262,0.2,TELANGANA,SIDDIPET
VIL_00397,"Chalki (TELANGANA, SANGAREDDY)",17.91418,77.676391,8580,858,3595,5.13,17.1,1,1,0.697,0.897,2574,172,0.2,TELANGANA,SANGAREDDY
VIL_00398,"Madhuda (TELANGANA, SIDDIPET)",18.175142,79.230782,10915,1092,4268,1.18,17.78,1,1,0.696,0.744,3274,218,0.2,TELANGANA,SIDDIPET
VIL_00399,"Juriyala (TELANGANA, WANAPARTHY)",16.299017,77.801488,4065,406,1215,3.37,4.34,1,1,0.694,0.762,1220,81,0.2,TELANGANA,WANAPARTHY
VIL_00400,"Mudigonda (TELANGANA, NALGONDA)",16.738674,78.861084,6187,619,2178,0.04,8.05,1,1,0.699,0.785,1856,124,0.2,TELANGANA,NALGONDA
VIL_00401,"Kachigam (THE DADRA AND NAGAR HAVELI AND DAMAN AND DIU, DAMAN)",20.405635,72.877843,8361,836,4732,0.67,2.37,2,1,0.694,0.839,2508,167,0.2,THE DADRA AND NAGAR HAVELI AND DAMAN AND DIU,DAMAN
VIL_00402,"Nani Vankad (THE DADRA AND NAGAR HAVELI AND DAMAN AND DIU, DAMAN)",20.44269,72.882563,13771,1377,7794,1.58,5.43,1,1,0.694,0.839,4131,275,0.2,THE DADRA AND NAGAR HAVELI AND DAMAN AND DIU,DAMAN
VIL_00403,"Mota Randha (THE DADRA AND NAGAR HAVELI AND DAMAN AND DIU, DADRA AND NAGAR HAVELI)",20.305188,73.129785,5213,521,2951,0.81,10.18,2,1,0.694,0.839,1564,104,0.2,THE DADRA AND NAGAR HAVELI AND DAMAN AND DIU,DADRA AND NAGAR HAVELI
VIL_00404,"Dholar (THE DADRA AND NAGAR HAVELI AND DAMAN AND DIU, DAMAN)",20.3937,72.831314,10838,1084,6134,0.35,1.62,1,1,0.694,0.839,3251,217,0.2,THE DADRA AND NAGAR HAVELI AND DAMAN AND DIU,DAMAN
VIL_00405,"Chinchpada (THE DADRA AND NAGAR HAVELI AND DAMAN AND DIU, DADRA AND NAGAR HAVELI)",20.212599,72.995041,5774,577,3268,0.0,6.59,1,1,0.694,0.839,1732,115,0.2,THE DADRA AND NAGAR HAVELI AND DAMAN AND DIU,DADRA AND NAGAR HAVELI
VIL_00406,"Selti (THE DADRA AND NAGAR HAVELI AND DAMAN AND DIU, DADRA AND NAGAR HAVELI)",20.114696,73.095174,6502,650,3680,2.63,2.66,1,1,0.694,0.839,1951,130,0.2,THE DADRA AND NAGAR HAVELI AND DAMAN AND DIU,DADRA AND NAGAR HAVELI
VIL_00407,"Vasona (THE DADRA AND NAGAR HAVELI AND DAMAN AND DIU, DADRA AND NAGAR HAVELI)",20.225527,73.011871,13870,1387,7850,0.91,5.03,1,1,0.694,0.839,4161,277,0.2,THE DADRA AND NAGAR HAVELI AND DAMAN AND DIU,DADRA AND NAGAR HAVELI
VIL_00408,"Masat (THE DADRA AND NAGAR HAVELI AND DAMAN AND DIU, DADRA AND NAGAR HAVELI)",20.244003,73.011588,1450,145,821,0.3,2.98,1,1,0.694,0.839,435,29,0.2,THE DADRA AND NAGAR HAVELI AND DAMAN AND DIU,DADRA AND NAGAR HAVELI
VIL_00409,"Samarvarni (THE DADRA AND NAGAR HAVELI AND DAMAN AND DIU, DADRA AND NAGAR HAVELI)",20.2584,73.013962,2532,253,1433,0.68,1.49,1,1,0.694,0.839,760,51,0.2,THE DADRA AND NAGAR HAVELI AND DAMAN AND DIU,DADRA AND NAGAR HAVELI
VIL_00410,"Athal (THE DADRA AND NAGAR HAVELI AND DAMAN AND DIU, DADRA AND NAGAR HAVELI)",20.274408,72.943104,2182,218,1235,0.43,6.17,2,1,0.694,0.839,655,44,0.2,THE DADRA AND NAGAR HAVELI AND DAMAN AND DIU,DADRA AND NAGAR HAVELI
VIL_00411,"Kharadpada (THE DADRA AND NAGAR HAVELI AND DAMAN AND DIU, DADRA AND NAGAR HAVELI)",20.258594,72.947717,1104,110,625,0.47,6.44,1,1,0.694,0.839,331,22,0.2,THE DADRA AND NAGAR HAVELI AND DAMAN AND DIU,DADRA AND NAGAR HAVELI
VIL_00412,"Dabhel (THE DADRA AND NAGAR HAVELI AND DAMAN AND DIU, DAMAN)",20.40115,72.892162,4152,415,2350,1.03,1.5,1,1,0.694,0.839,1246,83,0.2,THE DADRA AND NAGAR HAVELI AND DAMAN AND DIU,DAMAN
VIL_00413,"Parzai (THE DADRA AND NAGAR HAVELI AND DAMAN AND DIU, DADRA AND NAGAR HAVELI)",20.089941,73.032143,13009,1301,7363,1.36,6.17,1,1,0.694,0.839,3903,260,0.2,THE DADRA AND NAGAR HAVELI AND DAMAN AND DIU,DADRA AND NAGAR HAVELI
VIL_00414,"Rudana (THE DADRA AND NAGAR HAVELI AND DAMAN AND DIU, DADRA AND NAGAR HAVELI)",20.125866,73.072993,5687,569,3219,0.29,0.34,1,1,0.694,0.839,1706,114,0.2,THE DADRA AND NAGAR HAVELI AND DAMAN AND DIU,DADRA AND NAGAR HAVELI
VIL_00415,"Karamcherra (TRIPURA, Dhalai)",24.06562,91.993047,8367,837,4669,1.98,4.7,2,1,0.684,0.293,2510,167,0.15,TRIPURA,Dhalai
VIL_00416,"CHAKMAPARA (TRIPURA, Dhalai)",23.759247,91.944837,17073,1707,9527,2.35,12.73,1,1,0.684,0.293,5122,341,0.15,TRIPURA,Dhalai
VIL_00417,"PURBA KALYANSINGPARA (TRIPURA, Dhalai)",23.626144,91.914974,20661,2066,11529,0.9,10.15,1,1,0.684,0.293,6198,413,0.15,TRIPURA,Dhalai
VIL_00418,"SAMARUHALA RF (TRIPURA, Unakoti)",24.206427,91.937087,6759,676,4866,3.22,8.83,1,1,0.675,0.489,2028,135,0.15,TRIPURA,Unakoti
VIL_00419,"DEBCHHARA (TRIPURA, Dhalai)",23.769309,92.0213,21094,2109,11770,1.85,10.62,1,1,0.684,0.293,6328,422,0.15,TRIPURA,Dhalai
VIL_00420,"Dhanpur (TRIPURA, Sepahijala)",22.633858,74.097568,7689,769,5259,0.0,0.0,5,1,0.693,0.649,2307,154,0.2,TRIPURA,Sepahijala
VIL_00421,"JAGNA KOBRABARI (PART) (TRIPURA, Khowai)",23.978663,91.744489,3655,366,2043,4.27,6.09,1,1,0.693,0.588,1096,73,0.15,TRIPURA,Khowai
VIL_00422,"West Nalkata (TRIPURA, Dhalai)",24.06562,91.993047,4440,444,2478,1.98,4.7,2,1,0.684,0.293,1332,89,0.15,TRIPURA,Dhalai
VIL_00423,"Bhagabannagar (TRIPURA, Unakoti)",24.378833,92.159806,2185,218,1573,0.51,25.99,2,1,0.675,0.489,656,44,0.15,TRIPURA,Unakoti
VIL_00424,"PUSTARAIPARA (TRIPURA, Dhalai)",23.734315,91.787987,3510,351,1959,5.21,14.68,1,1,0.684,0.293,1053,70,0.15,TRIPURA,Dhalai
VIL_00425,"Purba Betcherra (TRIPURA, Dhalai)",24.06562,91.993047,5364,536,2993,1.98,4.7,2,1,0.684,0.293,1609,107,0.15,TRIPURA,Dhalai
VIL_00426,"RAMKRISHNABARI (TRIPURA, Khowai)",24.020842,91.750093,13585,1358,7594,4.37,10.57,1,1,0.693,0.588,4076,272,0.15,TRIPURA,Khowai
VIL_00427,"RATANNAGAR (TRIPURA, Dhalai)",23.568363,91.91402,28296,2830,15789,2.59,10.6,1,1,0.684,0.293,8489,566,0.15,TRIPURA,Dhalai
VIL_00428,"Radhakishorepur (TRIPURA, Gomati)",23.540833,91.49175,2364,236,1657,0.89,0.75,1,1,0.692,0.504,709,47,0.15,TRIPURA,Gomati
VIL_00429,"Barobara Khurd (UTTAR PRADESH, AGRA)",27.016805,78.123659,9780,978,8861,0.38,7.5,2,1,0.694,0.984,2934,196,0.2,UTTAR PRADESH,AGRA
VIL_00430,"Rampur Tengraha (UTTAR PRADESH, GONDA)",26.95622,82.067952,3107,311,2691,1.43,4.94,1,1,0.622,0.996,932,62,0.2,UTTAR PRADESH,GONDA
VIL_00431,"Gaura (UTTAR PRADESH, BHADOHI)",25.48,82.35,10442,1044,8573,0.54,8.13,2,1,0.66,0.973,3133,209,0.2,UTTAR PRADESH,BHADOHI
VIL_00432,"Akhabai (UTTAR PRADESH, AGRA)",27.077125,77.843737,6432,643,5827,0.05,13.59,1,1,0.694,0.984,1930,129,0.2,UTTAR PRADESH,AGRA
VIL_00433,"Khanwar (UTTAR PRADESH, BALLIA)",25.85,84.06,1651,165,1476,1.5,14.0,1,1,0.624,0.985,495,33,0.2,UTTAR PRADESH,BALLIA
VIL_00434,"Musatafabad Saraiya (UTTAR PRADESH, SULTANPUR)",26.166976,82.369599,15011,1501,11904,0.12,0.12,2,1,0.66,0.978,4503,300,0.2,UTTAR PRADESH,SULTANPUR
VIL_00435,"Bhaisa Bazar (UTTAR PRADESH, GORAKHPUR)",26.655903,83.325194,4402,440,3614,0.84,9.58,1,1,0.664,0.963,1321,88,0.2,UTTAR PRADESH,GORAKHPUR
VIL_00436,"Paharpur Maheshpur (UTTAR PRADESH, SITAPUR)",27.521157,80.740687,4660,466,3579,1.42,8.38,2,1,0.479,0.981,1398,93,0.1,UTTAR PRADESH,SITAPUR
VIL_00437,"Dharai Mafi (UTTAR PRADESH, Amethi)",26.214561,81.82107,3035,304,2401,1.12,5.55,1,1,0.646,0.986,910,61,0.2,UTTAR PRADESH,Amethi
VIL_00438,"Kakwa (UTTAR PRADESH, Amethi)",26.156189,81.803517,4232,423,3348,0.11,0.11,5,1,0.646,0.986,1270,85,0.2,UTTAR PRADESH,Amethi
VIL_00439,"Dharampur Parbat (UTTAR PRADESH, KUSHI NAGAR)",27.26,83.86,10059,1006,8258,2.25,14.02,1,1,0.66,0.973,3018,201,0.2,UTTAR PRADESH,KUSHI NAGAR
VIL_00440,"Jatpura Bonda (UTTAR PRADESH, BIJNOR)",29.632704,78.324479,6139,614,4985,0.62,0.62,5,1,0.673,0.994,1842,123,0.2,UTTAR PRADESH,BIJNOR
VIL_00441,"Tikra (UTTAR PRADESH, BARABANKI)",26.931613,81.202245,9291,929,7628,1.72,0.84,1,1,0.66,0.984,2787,186,0.2,UTTAR PRADESH,BARABANKI
VIL_00442,"Baghrain (UTTAR PRADESH, GORAKHPUR)",25.754539,81.69184,9541,954,7833,1.07,1.07,5,1,0.664,0.963,2862,191,0.2,UTTAR PRADESH,GORAKHPUR
VIL_00443,"Khaliyan (UTTARAKHAND, RUDRA PRAYAG)",30.467884,78.930238,20546,2055,7047,1.59,9.2,1,1,0.697,0.858,6164,411,0.2,UTTARAKHAND,RUDRA PRAYAG
VIL_00444,"Chaplori (UTTARAKHAND, PAURI GARHWAL)",30.11085,78.925288,5430,543,1862,8.54,16.19,2,1,0.697,0.858,1629,109,0.2,UTTARAKHAND,PAURI GARHWAL
VIL_00445,"Khurpatal (UTTARAKHAND, NAINITAL)",29.370681,79.429674,2192,219,859,0.44,3.62,1,1,0.694,0.841,658,44,0.2,UTTARAKHAND,NAINITAL
VIL_00446,"MillamS (UTTARAKHAND, PITHORAGARH)",30.43418,80.1508,16775,1678,4563,10.37,43.82,1,1,0.697,0.772,5032,336,0.2,UTTARAKHAND,PITHORAGARH
VIL_00447,"Sainji (UTTARAKHAND, PAURI GARHWAL)",30.11085,78.925288,5479,548,1879,8.54,16.19,2,1,0.697,0.858,1644,110,0.2,UTTARAKHAND,PAURI GARHWAL
VIL_00448,"Ramaila (UTTARAKHAND, CHAMPAWAT)",29.29,80.24,17423,1742,5976,2.27,12.84,1,1,0.697,0.869,5227,348,0.2,UTTARAKHAND,CHAMPAWAT
VIL_00449,"Sonla (UTTARAKHAND, CHAMOLI)",30.310915,79.315572,9707,971,2805,0.85,3.06,1,1,0.696,0.899,2912,194,0.2,UTTARAKHAND,CHAMOLI
VIL_00450,"Simiyan (UTTARAKHAND, CHAMPAWAT)",29.403814,80.090112,6431,643,2206,0.0,6.87,1,1,0.697,0.869,1929,129,0.2,UTTARAKHAND,CHAMPAWAT
VIL_00451,"Subashnagar (UTTARAKHAND, UDAM SINGH NAGAR)",28.971549,79.376122,9442,944,3239,0.55,3.32,1,1,0.697,0.858,2833,189,0.2,UTTARAKHAND,UDAM SINGH NAGAR
VIL_00452,"Kandakanikhal (UTTARAKHAND, PAURI GARHWAL)",29.762765,78.858844,34019,3402,11669,4.31,19.02,1,1,0.697,0.858,10206,680,0.2,UTTARAKHAND,PAURI GARHWAL
VIL_00453,"Fungar (UTTARAKHAND, CHAMPAWAT)",29.34,80.12,37626,3763,12906,0.95,1.5,1,1,0.697,0.869,11288,753,0.2,UTTARAKHAND,CHAMPAWAT
VIL_00454,"Bibil (UTTARAKHAND, CHAMPAWAT)",29.44,80.2,7551,755,2590,6.53,12.06,1,1,0.697,0.869,2265,151,0.2,UTTARAKHAND,CHAMPAWAT
VIL_00455,"Gudauli (UTTARAKHAND, PITHORAGARH)",29.3421,79.9687,8119,812,2208,2.05,14.31,1,1,0.697,0.772,2436,162,0.2,UTTARAKHAND,PITHORAGARH
VIL_00456,"Jalali ED (UTTARAKHAND, ALMORA)",29.776036,79.426778,16896,1690,5745,0.0,0.0,1,1,0.699,0.865,5069,338,0.2,UTTARAKHAND,ALMORA
VIL_00457,"Dhopahat Krishnapur (WEST BENGAL, 24 PARAGANAS SOUTH)",22.107,88.334,3631,363,2159,0.24,3.02,1,1,0.665,0.732,1089,73,0.2,WEST BENGAL,24 PARAGANAS SOUTH
VIL_00458,"Bishnukhanda (WEST BENGAL, BIRBHUM)",23.716501,87.600122,9324,932,5809,2.89,10.48,1,1,0.685,0.77,2797,186,0.2,WEST BENGAL,BIRBHUM
VIL_00459,"Barogharia Garkuta (WEST BENGAL, COOCHBEHAR)",26.46,89.19,6997,700,4160,1.8,6.57,1,1,0.665,0.732,2099,140,0.2,WEST BENGAL,COOCHBEHAR
VIL_00460,"Rajkhamar (WEST BENGAL, BANKURA)",23.079734,87.18497,9182,918,5197,2.49,4.08,1,1,0.646,0.73,2755,184,0.2,WEST BENGAL,BANKURA
VIL_00461,"Gangadharpur Bazar (WEST BENGAL, HOOGHLY)",22.88825,88.40225,3667,367,2180,2.23,0.55,1,1,0.665,0.736,1100,73,0.2,WEST BENGAL,HOOGHLY
VIL_00462,"Natunbazar (WEST BENGAL, NADIA)",23.39,88.5,2003,200,1542,1.23,8.5,1,1,0.687,0.819,601,40,0.2,WEST BENGAL,NADIA
VIL_00463,"Tarda Kapasati (WEST BENGAL, 24 PARAGANAS SOUTH)",22.45964,88.519061,1360,136,809,0.24,9.23,1,1,0.665,0.732,408,27,0.2,WEST BENGAL,24 PARAGANAS SOUTH
VIL_00464,"Khamarshumulia (WEST BENGAL, NADIA)",23.315934,88.527525,2922,292,2250,0.74,8.96,1,1,0.687,0.819,877,58,0.2,WEST BENGAL,NADIA
VIL_00465,"Kushadwip (WEST BENGAL, BANKURA)",23.19062,87.544521,4949,495,2801,1.33,8.82,1,1,0.646,0.73,1485,99,0.2,WEST BENGAL,BANKURA
VIL_00466,"Nabachiada (WEST BENGAL, BANKURA)",22.866677,86.783323,5649,565,3197,0.61,0.61,5,1,0.646,0.73,1695,113,0.2,WEST BENGAL,BANKURA
VIL_00467,"Asharu (WEST BENGAL, 24 PARAGANAS NORTH)",23.169922,88.84464,33646,3365,20003,0.46,3.27,1,1,0.665,0.732,10094,673,0.2,WEST BENGAL,24 PARAGANAS NORTH
VIL_00468,"Shibnagar (WEST BENGAL, 24 PARAGANAS SOUTH)",21.941,88.285,17303,1730,10287,1.42,9.18,1,1,0.665,0.732,5191,346,0.2,WEST BENGAL,24 PARAGANAS SOUTH
VIL_00469,"Sonakonia (WEST BENGAL, MEDINIPUR WEST)",21.908838,87.269294,3308,331,1967,0.92,5.18,1,1,0.665,0.732,992,66,0.2,WEST BENGAL,MEDINIPUR WEST
VIL_00470,"Lalchandpur (WEST BENGAL, Alipurduar)",26.98,88.68,9434,943,5609,1.96,3.0,1,1,0.665,0.664,2830,189,0.2,WEST BENGAL,Alipurduar
