location_id,village_name,latitude,longitude,population,elderly_population,low_income_population,distance_to_nearest_clinic_km,distance_to_nearest_specialist_km,doctors_available,specialist_available,internet_connectivity,road_accessibility,healthcare_visits,emergency_cases,telemedicine_usage
C001,Harikhedi (SYNTHETIC),24.09853663230158,76.55341236967121,1530,207,471,53.53,119.18,1,0,0.69,0.71,4081,60,0.41
C002,Chandankhedi (SYNTHETIC),22.784456591079472,79.9935986359397,14902,2348,4629,0.91,3.34,14,9,0.78,0.99,65669,399,0.47
C003,Haripur (SYNTHETIC),22.7821521594959,79.98395366986293,7598,1283,2221,0.12,4.31,14,9,0.83,0.88,14579,189,0.62
C004,Chandangarh (SYNTHETIC),24.051891308194424,78.46340465755965,2859,549,1793,65.64,65.61,1,0,0.28,0.36,4848,94,0.16
C005,Laxmangarh (SYNTHETIC),22.86738624096873,79.61124902134395,1354,247,779,4.15,34.19,2,0,0.51,0.59,4155,28,0.29
C006,Gopalgaon (SYNTHETIC),24.532042236810824,76.83484696175937,3870,354,1929,4.13,102.43,1,0,0.5,0.54,4989,131,0.36
C007,Bhimgaon (SYNTHETIC),24.752671330566297,77.1091532202542,1244,164,590,4.14,83.38,1,0,0.33,0.7,4546,59,0.29
C008,Nandkhedi (SYNTHETIC),22.250502150096008,79.10858766370974,3233,481,1041,28.92,56.33,5,3,0.53,0.77,5104,92,0.28
C009,Gopalpura (SYNTHETIC),24.232634970829892,78.72415770838764,466,71,283,50.92,82.36,1,0,0.04,0.1,166,19,0.04
C010,Rajpur (SYNTHETIC),22.054615483960266,79.35270510485968,1509,176,672,4.69,53.91,2,0,0.49,0.52,2682,30,0.34
C011,Sultangarh (SYNTHETIC),24.441385059120847,78.73892469021551,1650,299,808,33.04,82.31,1,0,0.67,0.75,5487,44,0.59
C012,Nandpur (SYNTHETIC),22.928016523944503,77.31071642010602,10894,927,2282,1.16,61.51,9,3,0.95,0.91,25240,114,0.5
C013,Bhimpura (SYNTHETIC),24.249732248409916,79.65266300903058,1962,223,1129,32.98,160.55,7,2,0.22,0.33,1810,39,0.13
C014,Ramnagar (SYNTHETIC),23.92095760500107,77.30547019681454,2824,513,1180,5.05,55.05,2,0,0.49,0.57,6702,79,0.42
C015,Gopalpur (SYNTHETIC),24.678835277531217,78.4989397980216,3919,502,2211,4.17,66.23,1,0,0.48,0.47,6207,44,0.35
C016,Rajnagar (SYNTHETIC),24.682651788687778,76.51499359319858,2320,408,919,18.7,137.32,1,0,0.5,0.53,4954,37,0.32
C017,Rajkhedi (SYNTHETIC),24.91600779320672,76.93434708836672,1727,216,697,0.67,107.75,2,0,0.38,0.51,2522,39,0.21
C018,Kishangaon (SYNTHETIC),24.03730695743347,79.15668495442935,1746,321,1077,51.96,130.38,7,2,0.03,0.26,1699,26,0.02
C019,Shyampind (SYNTHETIC),23.712334914006735,77.42438690359138,2966,300,1543,27.71,29.31,2,0,0.18,0.17,1514,48,0.1
C020,Kishangarh (SYNTHETIC),22.154906433623538,76.07296992571344,787,164,517,37.92,205.05,1,0,0.1,0.18,285,38,0.07
C021,Rajnagar (SYNTHETIC),24.15537181250966,78.14014692817965,633,113,441,38.56,33.25,31,15,0.08,0.04,72,24,0.06
C022,Shyamnagar (SYNTHETIC),22.261870538769028,78.02441582543739,952,136,606,19.74,79.05,3,0,0.03,0.12,474,30,0.02
C023,Shyamgarh (SYNTHETIC),23.967260174906492,79.66967768319707,11127,1480,2567,1.85,129.43,7,2,0.98,1.0,63373,432,0.51
C024,Rampura (SYNTHETIC),22.604881960143235,76.65462377146282,414,53,270,34.41,127.57,2,0,0.08,0.13,303,10,0.07
C025,Harikhedi (SYNTHETIC),22.926351050066938,76.66196952176941,3681,422,1701,1.38,103.16,2,0,0.54,0.45,8159,41,0.39
C026,Nandgarh (SYNTHETIC),22.744499716480192,78.6909341935493,2750,279,1621,4.93,36.9,3,0,0.42,0.54,5959,94,0.21
C027,Bhimpur (SYNTHETIC),24.68348770530751,78.53440582874138,2556,324,1050,5.99,69.73,1,0,0.48,0.52,6922,26,0.3
C028,Rajkhedi (SYNTHETIC),23.565731707269414,77.68631504137632,3990,738,1649,2.45,23.39,1,0,0.45,0.58,6555,183,0.26
C029,Shyamkhedi (SYNTHETIC),24.509694439877,78.3498144169363,2176,320,885,20.91,44.89,1,0,0.61,0.66,5712,88,0.33
C030,Chandanpur (SYNTHETIC),22.946538519525248,77.31541303850744,11119,1676,2550,2.13,59.4,9,3,0.87,0.85,41435,262,0.63
C031,Sultanpind (SYNTHETIC),24.16243928893152,79.22125986943162,2971,630,2057,50.24,133.33,7,2,0.18,0.34,2605,78,0.11
C032,Chandanpind (SYNTHETIC),24.207713839588006,79.39251238186753,806,167,516,39.21,149.66,7,2,0.26,0.29,1062,18,0.22
C033,Laxmannagar (SYNTHETIC),22.031019889148492,76.81435150696318,16696,2436,5806,2.32,172.95,6,1,0.73,0.91,41597,490,0.52
C034,Bhimpur (SYNTHETIC),22.773663056299608,76.5574242962913,2587,305,1382,18.77,121.92,2,0,0.3,0.26,1382,120,0.16
C035,Laxmankhedi (SYNTHETIC),23.66253400754738,78.60568155340745,4318,889,1413,64.08,105.65,3,0,0.46,0.5,11943,146,0.34
C036,Gopalgarh (SYNTHETIC),24.74323583777488,77.67508209956829,2532,464,843,30.04,40.1,8,1,0.56,0.51,3034,86,0.33
C037,Bhimgarh (SYNTHETIC),23.067018149394848,78.87618362073698,2188,462,946,23.58,52.75,3,0,0.57,0.64,6934,40,0.29
C038,Haripur (SYNTHETIC),22.154277440452752,77.98546498880495,1992,180,1038,22.27,89.03,3,0,0.1,0.33,3241,59,0.08
C039,Rampur (SYNTHETIC),24.4573069530226,79.19766351587592,3778,350,1406,73.07,128.76,7,2,0.48,0.68,14501,58,0.42
C040,Haripur (SYNTHETIC),23.625702842135073,79.49178334350563,3928,781,1722,40.23,99.7,7,2,0.64,0.7,8217,116,0.38
C041,Bhimkhedi (SYNTHETIC),24.971968097376124,76.95469081099174,2682,380,1357,2.16,109.5,3,0,0.44,0.67,6457,88,0.37
C042,Chandangarh (SYNTHETIC),24.213567300719575,78.08067243951493,32804,7172,12871,29.71,24.42,31,15,0.76,0.73,47604,571,0.5
C043,Shyamgarh (SYNTHETIC),22.54457305616261,76.05532294033836,2152,409,1269,5.47,178.47,1,0,0.5,0.47,2361,57,0.43
C044,Shyamkhedi (SYNTHETIC),22.87431798120618,79.67583877218614,3984,706,2197,6.12,27.76,2,0,0.35,0.52,5406,169,0.21
C045,Shyampur (SYNTHETIC),23.77881980452511,78.32034483135125,728,148,382,64.49,77.85,3,0,0.26,0.18,761,32,0.22
C046,Rajnagar (SYNTHETIC),22.26096027973423,77.6338128522828,1431,130,857,21.35,115.39,3,0,0.08,0.32,1306,53,0.04
C047,Rajgarh (SYNTHETIC),23.441759731979943,78.36963113863807,2561,300,1570,67.09,89.67,3,0,0.1,0.3,4284,107,0.08
C048,Kishangarh (SYNTHETIC),24.642150290421856,78.44805477970685,1861,216,979,4.99,59.9,1,0,0.49,0.69,5861,58,0.39
C049,Rajgaon (SYNTHETIC),23.62379973602833,79.85196801543597,539,113,328,41.52,88.69,7,2,0.06,0.19,477,6,0.04
C050,Haripind (SYNTHETIC),22.67966270146374,78.8633532439635,16244,1349,3308,2.85,19.27,7,4,0.74,0.95,50927,479,0.6
C051,Kishangarh (SYNTHETIC),22.820879998844998,79.98849800063084,2704,478,1241,4.28,2.18,14,9,0.54,0.55,4280,35,0.41
C052,Nandpura (SYNTHETIC),24.85259068675123,76.6042315671236,2729,370,1167,27.05,134.36,1,0,0.68,0.63,5289,134,0.45
C053,Shivpura (SYNTHETIC),22.63931411207525,76.12453633153804,3606,777,1423,17.18,166.69,1,0,0.51,0.76,7508,161,0.41
C054,Bhimgaon (SYNTHETIC),22.05358567743496,79.1871913114561,1235,178,663,19.28,63.67,2,0,0.27,0.39,966,41,0.2
C055,Sultanpura (SYNTHETIC),22.676620427331205,76.64330187631276,2128,463,1248,26.48,122.57,2,0,0.1,0.28,1532,60,0.08
C056,Nandpur (SYNTHETIC),24.679656865627734,78.45566704597921,3473,375,2068,5.99,62.27,1,0,0.41,0.5,8232,148,0.21
C057,Bhimkhedi (SYNTHETIC),24.646375829662595,77.03440677695423,3194,326,1435,1.62,85.65,2,0,0.32,0.42,7327,59,0.29
C058,Chandankhedi (SYNTHETIC),24.369095521427436,78.6348311020035,2992,656,1034,33.32,71.56,1,0,0.57,0.72,12633,107,0.33
C059,Bhimnagar (SYNTHETIC),22.674572954377407,78.84974872248031,16030,2435,4512,1.63,17.76,7,4,0.93,0.9,62857,179,0.61
C060,Bhimpura (SYNTHETIC),24.378868283816896,78.62003735532844,2980,432,1718,31.72,70.04,1,0,0.09,0.21,3308,57,0.07
C061,Sultanpind (SYNTHETIC),22.712629974771634,79.88558037616656,1723,347,602,12.82,6.71,14,9,0.66,0.65,4219,52,0.42
C062,Chandanpura (SYNTHETIC),23.173244609955283,79.87764928934115,2032,199,923,9.43,38.68,8,1,0.6,0.6,7138,57,0.35
C063,Gopalpind (SYNTHETIC),23.55932184566805,77.34801270572514,4315,772,1827,36.92,18.55,1,0,0.53,0.57,6615,72,0.27
C064,Bhimnagar (SYNTHETIC),23.42389262724944,79.37668179587679,44170,4225,15069,42.06,87.76,3,0,0.68,0.86,117024,542,0.48
C065,Shivnagar (SYNTHETIC),24.953079485438067,77.8745798876266,10960,1372,2220,0.85,56.61,8,1,0.84,0.94,60524,363,0.51
C066,Kishankhedi (SYNTHETIC),23.5967349664789,76.5029660472266,1530,157,683,77.53,101.92,2,0,0.44,0.78,3294,60,0.25
C067,Bhimnagar (SYNTHETIC),22.41281193492709,78.04857963742319,3998,807,1924,4.67,69.52,3,0,0.31,0.69,14215,130,0.25
C068,Rajgaon (SYNTHETIC),22.981099484689715,78.67037354225434,4231,822,1637,22.86,39.43,2,0,0.63,0.74,7760,134,0.32
C069,Sultanpura (SYNTHETIC),23.690316782045375,77.52167881693119,1871,153,1101,23.52,26.26,1,0,0.18,0.26,2145,31,0.14
C070,Shivpind (SYNTHETIC),23.627090994939216,79.80591423866396,2617,263,1365,39.19,89.67,7,2,0.27,0.34,3698,51,0.19
C071,Gopalkhedi (SYNTHETIC),24.154369228679485,79.82209478381974,312,64,207,27.78,147.72,7,2,0.02,0.0,1,14,0.01
C072,Rajkhedi (SYNTHETIC),22.30426248534765,77.9434870367453,2027,315,933,10.97,84.17,3,0,0.49,0.59,3895,69,0.38
C073,Bhimpura (SYNTHETIC),22.36565828001084,76.72459739813873,3724,353,1645,36.69,144.4,6,1,0.45,0.66,10454,75,0.4
C074,Haripur (SYNTHETIC),23.650679626468786,76.17365013141928,743,151,506,88.57,135.99,2,0,0.1,0.12,260,13,0.07
C075,Rajpind (SYNTHETIC),24.700069370194033,77.41368551721087,465,64,317,32.92,54.29,1,0,0.08,0.05,119,6,0.06
C076,Laxmanpura (SYNTHETIC),22.50404262323459,78.94749497977674,2656,451,1340,18.85,30.25,5,3,0.07,0.13,1513,84,0.04
C077,Bhimgarh (SYNTHETIC),23.962211750561778,79.64047154584574,10116,2091,2534,2.21,129.56,7,2,0.95,0.92,47408,208,0.72
C078,Chandanpura (SYNTHETIC),23.100868237614403,77.37424189910281,3468,311,1504,20.13,41.23,9,3,0.53,0.75,11855,72,0.39
C079,Gopalkhedi (SYNTHETIC),23.370575934641106,76.76129945127627,1209,172,603,51.81,75.03,2,0,0.51,0.61,2454,40,0.28
C080,Ramgaon (SYNTHETIC),24.264513459822542,76.68191175269567,1523,185,761,30.95,117.91,1,0,0.13,0.35,3127,44,0.08
C081,Nandkhedi (SYNTHETIC),24.75025488192825,76.3278755414274,2529,511,1488,3.14,157.45,1,0,0.55,0.48,3239,104,0.4
C082,Gopalgarh (SYNTHETIC),23.50345899754603,77.58871510971684,3158,571,1283,14.32,11.31,1,0,0.59,0.7,5688,58,0.49
C083,Kishanpura (SYNTHETIC),24.084853266707384,77.38439890615115,4902,983,1600,16.56,57.62,4,3,0.59,0.75,20832,144,0.44
C084,Nandkhedi (SYNTHETIC),23.50769822939033,77.59465211108925,1585,156,483,13.56,12.06,1,0,0.51,0.52,4827,50,0.45
C085,Ramnagar (SYNTHETIC),24.88137113762544,76.95030149589063,1186,197,667,4.84,104.37,2,0,0.45,0.7,2673,41,0.32
C086,Sultankhedi (SYNTHETIC),22.641164393273794,78.84124428967927,12220,1212,3837,2.2,16.16,7,4,0.71,0.85,43114,227,0.36
C087,Shivpind (SYNTHETIC),22.85958056397208,79.34364037523324,1946,384,877,5.85,48.96,1,0,0.51,0.53,2226,89,0.35
C088,Laxmanpind (SYNTHETIC),24.68535322211961,78.54667872866882,38418,7039,12679,6.98,70.95,1,0,0.52,0.76,117521,1429,0.27
C089,Nandgarh (SYNTHETIC),22.21625300799602,76.28502691106104,20363,2474,7547,38.6,185.11,1,0,0.79,0.82,56838,834,0.6
C090,Sultanpind (SYNTHETIC),22.29518694914019,78.64121087880535,4057,874,1283,22.9,37.14,5,3,0.48,0.51,6535,165,0.36
C091,Kishankhedi (SYNTHETIC),22.36415925447822,78.46005187215546,4098,883,1263,40.41,37.21,5,3,0.59,0.66,14031,88,0.53
C092,Laxmannagar (SYNTHETIC),24.244219538288597,79.24707915236056,2141,238,1467,52.94,134.51,7,2,0.04,0.2,1504,58,0.03
C093,Rajgarh (SYNTHETIC),22.76836446890139,79.28143151818065,1395,210,617,6.13,44.99,1,0,0.52,0.65,4827,54,0.37
C094,Rajgaon (SYNTHETIC),23.69506597857705,78.75554120820036,4493,649,1491,58.32,113.66,3,0,0.59,0.73,6666,89,0.47
C095,Gopalpur (SYNTHETIC),22.66532227231029,78.85211349414728,10628,2100,3477,0.93,17.72,7,4,0.86,0.9,51263,110,0.69
C096,Kishankhedi (SYNTHETIC),24.268793973674356,79.36788148598683,34109,5800,12861,45.93,146.4,7,2,0.65,0.64,111351,637,0.36
C097,Sultangarh (SYNTHETIC),22.644442768289572,78.84812622043,12214,1937,3505,1.85,16.9,7,4,0.89,0.81,42127,416,0.69
C098,Bhimpura (SYNTHETIC),24.475148230540185,77.99302272905382,1308,234,597,13.47,10.31,31,15,0.42,0.6,4047,40,0.28
C099,Shivpind (SYNTHETIC),23.302058098521627,76.35440171871846,1882,396,940,53.17,117.24,2,0,0.58,0.72,6198,50,0.44
C100,Kishanpur (SYNTHETIC),24.51940685690685,77.53533180773218,3287,416,1224,37.08,33.27,31,15,0.58,0.56,3842,36,0.48
C101,Nandpind (SYNTHETIC),23.59474977804509,77.67605489020113,2830,605,1503,4.56,24.4,1,0,0.34,0.63,4028,34,0.21
C102,Harigarh (SYNTHETIC),24.71876374156311,76.99818479939802,2087,186,950,9.13,91.91,1,0,0.63,0.63,5234,23,0.33
C103,Gopalpur (SYNTHETIC),22.64584267103799,78.85988355432336,10901,1626,3201,2.28,18.12,7,4,0.95,0.96,61775,172,0.75
C104,Sultangaon (SYNTHETIC),24.91601598889461,78.43410909078587,1373,158,748,20.79,75.47,2,0,0.03,0.15,1078,44,0.02
C105,Sultangarh (SYNTHETIC),22.203005085700006,78.83134038891907,36306,3747,14411,17.46,49.48,5,3,0.52,0.74,154836,1597,0.4
C106,Bhimpura (SYNTHETIC),23.636295608220717,76.24909242352754,35375,6724,10980,87.55,128.15,2,0,0.74,0.74,73218,719,0.42
C107,Shyampura (SYNTHETIC),22.053837035705474,76.50501513117045,761,120,528,29.95,185.79,6,1,0.02,0.05,194,24,0.01
C108,Shyamgaon (SYNTHETIC),22.847292696059537,77.56291346245445,4193,390,1591,28.5,68.07,9,3,0.51,0.64,10030,74,0.29
C109,Chandankhedi (SYNTHETIC),23.732780097643474,78.53832967020122,858,87,560,74.48,95.26,3,0,0.04,0.18,751,35,0.02
C110,Gopalgarh (SYNTHETIC),24.702786444475883,77.1382368132467,3939,366,2116,5.39,78.26,1,0,0.5,0.44,3661,169,0.29
C111,Chandangaon (SYNTHETIC),24.57453115947149,79.27625405544663,3163,616,1246,69.21,138.03,2,0,0.61,0.59,7212,76,0.43
C112,Kishanpur (SYNTHETIC),22.52128477940723,78.84805608132312,4303,553,1413,15.51,20.48,7,4,0.43,0.57,9355,171,0.33
C113,Nandpur (SYNTHETIC),23.413861502194493,79.91641975206062,743,130,469,34.29,64.92,8,1,0.01,0.14,228,12,0.01
C114,Nandpur (SYNTHETIC),22.837828265363232,78.57152764023483,785,66,487,10.56,26.18,2,0,0.05,0.06,154,28,0.04
C115,Shyampura (SYNTHETIC),24.365342029759894,78.65993961390399,482,46,316,34.82,74.11,1,0,0.09,0.13,244,13,0.08
C116,Harigarh (SYNTHETIC),24.93040098553198,76.44288237330527,2690,320,1300,20.4,152.69,1,0,0.41,0.72,10552,58,0.36
C117,Shyampur (SYNTHETIC),22.054019666801363,79.8512414282961,808,163,507,49.88,54.73,2,0,0.03,0.17,328,30,0.02
C118,Laxmankhedi (SYNTHETIC),22.037212108831945,77.87507186185802,2205,405,793,29.47,105.97,3,0,0.58,0.59,2848,101,0.49
C119,Gopalgaon (SYNTHETIC),24.676907494418955,76.74132071811486,697,112,353,22.76,114.98,1,0,0.07,0.34,1410,30,0.05
C120,Kishangaon (SYNTHETIC),23.465123886948817,78.95026299637131,3100,662,970,27.03,97.11,3,0,0.41,0.76,4952,117,0.22
C121,Bhimpura (SYNTHETIC),22.412571324451047,77.36326279915939,912,173,537,50.3,116.74,3,0,0.05,0.38,1598,33,0.03
C122,Kishannagar (SYNTHETIC),24.912298619424348,77.0507025703946,490,67,307,9.69,97.77,3,0,0.05,0.2,536,4,0.02
C123,Rampind (SYNTHETIC),22.806598512758033,78.65729400175286,2538,233,1216,3.44,20.19,2,0,0.39,0.68,7706,36,0.25
C124,Nandgaon (SYNTHETIC),22.80473186744999,76.16930500189129,3488,603,1574,5.97,153.3,2,0,0.31,0.66,12000,127,0.17
C125,Gopalkhedi (SYNTHETIC),24.850703392082014,78.2561520236748,3487,538,1879,2.7,57.96,2,0,0.6,0.65,8549,46,0.39
C126,Nandgaon (SYNTHETIC),22.64815409503506,77.86643113878887,871,118,596,27.69,84.0,3,0,0.01,0.08,155,27,0.01
C127,Ramnagar (SYNTHETIC),24.467267121004834,79.43024935064514,941,124,619,61.72,152.32,7,2,0.04,0.06,264,35,0.03
C128,Shivpur (SYNTHETIC),23.291588015386623,76.57037657632763,4560,777,1391,42.91,95.7,2,0,0.5,0.55,11329,107,0.27
C129,Kishangarh (SYNTHETIC),24.091694224567263,77.53608085507234,19661,2147,4225,2.37,45.77,4,3,0.86,0.83,92739,522,0.57
C130,Gopalpur (SYNTHETIC),22.374318884707254,78.85709686395116,17400,2340,5988,1.78,33.2,5,3,1.0,0.86,52860,410,0.71
C131,Nandgarh (SYNTHETIC),23.62511443723001,79.04760725041947,2584,277,1426,43.88,117.05,3,0,0.13,0.19,1099,61,0.08
C132,Laxmannagar (SYNTHETIC),23.041831117091522,78.32187040397478,847,115,506,44.74,59.26,2,0,0.13,0.29,1456,38,0.1
C133,Kishankhedi (SYNTHETIC),24.192454086135427,76.59193658946334,2631,428,1385,42.77,122.75,1,0,0.21,0.37,4303,63,0.15
C134,Kishanpind (SYNTHETIC),23.647967438209523,76.23096420747669,40422,8604,19965,88.64,130.18,2,0,0.64,0.61,99957,555,0.51
C135,Nandgarh (SYNTHETIC),23.47425453258567,78.08977658162186,3250,424,1572,38.55,61.13,3,0,0.53,0.68,10862,148,0.36
C136,Chandangarh (SYNTHETIC),23.774220278267464,79.2263573693051,1691,286,846,48.37,127.91,7,2,0.3,0.12,636,33,0.19
C137,Rajpind (SYNTHETIC),23.108997761718413,79.79483304917454,10380,2221,2404,1.82,34.46,8,1,0.94,0.86,18080,518,0.73
C138,Kishangarh (SYNTHETIC),24.95982977431064,77.87780848427623,14878,1374,4344,1.56,57.35,8,1,0.93,0.97,56964,194,0.62
C139,Kishangaon (SYNTHETIC),22.332994296373943,79.23294084003689,4790,584,1937,30.05,40.8,2,0,0.42,0.79,8693,143,0.34
C140,Chandanpur (SYNTHETIC),23.115320960184917,79.78895040921824,8992,1410,2934,1.7,35.36,8,1,0.71,0.92,23714,102,0.41
C141,Gopalpind (SYNTHETIC),22.56352855761332,78.87916581341875,906,153,593,11.38,21.18,7,4,0.05,0.16,611,25,0.03
C142,Laxmanpind (SYNTHETIC),23.560509676932252,76.57150384535765,2438,240,1357,72.4,94.45,2,0,0.08,0.25,2742,29,0.07
C143,Laxmanpur (SYNTHETIC),24.3490499119502,78.86015487540274,3373,430,1326,49.03,94.45,1,0,0.67,0.67,13117,44,0.58
C144,Ramkhedi (SYNTHETIC),22.92984234603436,77.29582583456323,19044,3028,3929,0.61,61.79,9,3,0.9,0.82,89683,833,0.7
C145,Gopalpura (SYNTHETIC),23.99915624073462,79.86419002051471,42831,4058,15402,21.38,130.19,7,2,0.79,0.81,178049,1531,0.41
C146,Kishanpura (SYNTHETIC),22.525424876745294,76.08794793045762,1107,202,470,4.2,176.98,1,0,0.42,0.68,4435,13,0.32
C147,Sultanpura (SYNTHETIC),22.256024009452975,76.17202780746776,2167,203,1319,28.94,189.88,1,0,0.25,0.33,3445,42,0.21
C148,Rajgaon (SYNTHETIC),24.846537867493392,76.12568728604509,42086,7637,14870,24.74,179.93,1,0,0.6,0.87,202191,490,0.39
C149,Gopalpur (SYNTHETIC),22.801757889380784,76.87922139529276,828,110,426,10.0,95.92,1,0,0.26,0.27,783,14,0.17
C150,Rajpind (SYNTHETIC),23.553881583137738,77.39238237267315,560,121,372,32.43,14.81,1,0,0.0,0.06,180,6,0.0
C151,Haripur (SYNTHETIC),23.373987277010713,77.592021171818,512,75,319,24.73,13.77,1,0,0.01,0.05,116,14,0.0
C152,Shivkhedi (SYNTHETIC),23.592212065860508,78.60382934047229,3578,649,1220,58.6,107.67,3,0,0.57,0.73,11748,164,0.48
C153,Laxmanpura (SYNTHETIC),24.944959971557346,78.10906072366103,4625,983,2136,19.61,59.65,2,0,0.45,0.69,10732,180,0.32
C154,Chandanpura (SYNTHETIC),22.377100102657177,78.8541655378498,8628,1022,1824,2.04,32.77,5,3,0.85,0.94,42215,244,0.61
C155,Shivgarh (SYNTHETIC),23.207102947424495,79.01590414273875,2780,296,1657,2.75,72.91,3,0,0.32,0.59,8433,128,0.28
C156,Kishankhedi (SYNTHETIC),24.93192372397451,79.02924082853775,904,153,496,62.66,126.59,1,0,0.14,0.32,1330,14,0.1
C157,Shivpura (SYNTHETIC),22.036309350328324,76.03615387631717,1392,154,872,51.17,217.17,1,0,0.28,0.17,771,61,0.22
C158,Rajgarh (SYNTHETIC),22.08750929093579,77.92356058641204,3649,761,1385,25.25,98.59,3,0,0.44,0.59,12786,43,0.35
C159,Sultanpur (SYNTHETIC),24.262794920041067,79.67370572858164,4803,553,2197,34.45,161.6,7,2,0.57,0.61,12411,116,0.44
C160,Gopalgarh (SYNTHETIC),24.75471726002631,76.40721473179815,3023,315,928,5.51,149.82,1,0,0.47,0.51,8456,64,0.41
C161,Bhimpind (SYNTHETIC),23.282505493984335,77.30535372372795,2599,515,1769,38.87,27.01,9,3,0.04,0.23,2145,105,0.04
C162,Shyamgarh (SYNTHETIC),22.613382658164134,77.02123630601572,1239,162,777,22.15,105.28,1,0,0.18,0.11,432,55,0.12
C163,Gopalpura (SYNTHETIC),22.996573099346815,78.77447222989518,839,130,576,27.61,42.14,2,0,0.07,0.03,79,22,0.03
C164,Bhimgaon (SYNTHETIC),23.77129326946808,76.24532382257313,1405,114,759,101.36,131.65,1,0,0.22,0.16,843,63,0.11
C165,Shivpind (SYNTHETIC),24.195174209692638,78.56254237121034,2663,518,1276,50.05,67.6,1,0,0.63,0.68,5476,55,0.35
C166,Laxmanpur (SYNTHETIC),24.954575208287427,79.01699303872832,575,89,349,62.95,126.57,1,0,0.06,0.13,367,9,0.05
C167,Nandpind (SYNTHETIC),22.937241880639668,76.6947925029505,1822,231,854,4.49,99.72,2,0,0.54,0.46,4941,80,0.42
C168,Rajpura (SYNTHETIC),23.64792931444031,77.24793608130567,2930,240,1410,29.07,32.69,2,0,0.55,0.62,9259,43,0.45
C169,Chandangarh (SYNTHETIC),22.292542976922693,78.2359225363991,650,91,425,27.41,59.22,3,0,0.07,0.11,224,19,0.04
C170,Chandannagar (SYNTHETIC),22.39514508573728,79.46118303563566,1629,283,772,21.46,16.93,2,0,0.49,0.59,4959,32,0.37
C171,Laxmangaon (SYNTHETIC),24.718261181443783,76.04862708590954,771,94,484,31.28,184.24,1,0,0.01,0.11,288,26,0.0
C172,Kishanpind (SYNTHETIC),22.205059600929875,79.13503936993644,2143,188,785,27.09,56.55,2,0,0.53,0.71,5286,102,0.4
C173,Rajnagar (SYNTHETIC),22.59697641687831,77.67333545640912,2377,333,1319,37.07,97.31,3,0,0.03,0.18,2580,30,0.02
C174,Kishanpind (SYNTHETIC),24.924162422614078,77.01077330683118,1205,111,592,5.63,101.82,3,0,0.43,0.61,3090,42,0.34
C175,Shivpura (SYNTHETIC),23.35205942481674,78.68822415500901,1958,204,979,36.66,80.65,3,0,0.16,0.17,845,54,0.12
C176,Shivnagar (SYNTHETIC),22.110439328990452,79.36894313768568,3228,623,1345,1.83,47.65,2,0,0.4,0.67,11724,137,0.28
C177,Kishanpur (SYNTHETIC),23.577908065164653,77.71964439490198,2116,315,1008,0.92,27.0,3,0,0.4,0.67,4412,87,0.26
C178,Sultangarh (SYNTHETIC),24.962978777023757,77.16598296369489,4082,517,1877,19.95,92.29,3,0,0.53,0.56,12524,190,0.45
C179,Shivnagar (SYNTHETIC),23.890741658368473,76.99353443497283,2263,477,1425,26.91,70.02,2,0,0.13,0.23,1188,97,0.08
C180,Bhimgarh (SYNTHETIC),22.793065153614247,79.98140164116674,14827,1332,3322,1.23,3.92,14,9,0.78,0.83,33828,542,0.66
C181,Haripind (SYNTHETIC),22.772682814447823,79.99471603234532,6149,1188,1429,1.48,4.04,14,9,0.96,0.97,30551,216,0.62
C182,Laxmanpind (SYNTHETIC),22.955826888290822,79.61423377373012,1310,250,529,13.47,36.4,2,0,0.65,0.6,4386,31,0.44
C183,Sultanpura (SYNTHETIC),22.48109621835923,78.69458166989963,948,97,496,21.21,16.23,5,3,0.21,0.17,321,36,0.17
C184,Rampind (SYNTHETIC),22.25066301253207,76.07651586574914,1662,157,616,27.3,197.37,1,0,0.67,0.57,2749,51,0.5
C185,Haripur (SYNTHETIC),22.802802396585122,77.34269533215624,3997,741,1530,15.1,74.18,9,3,0.57,0.8,17451,148,0.38
C186,Rajpind (SYNTHETIC),22.982656495540397,78.18674102039715,3301,493,1450,52.72,64.58,2,0,0.41,0.78,14826,90,0.36
C187,Shyampur (SYNTHETIC),22.339507699456735,78.8646894734349,6035,1064,1775,2.46,36.91,5,3,0.84,0.91,16586,62,0.66
C188,Laxmannagar (SYNTHETIC),24.62251204647108,76.81374590054436,818,159,492,14.38,106.39,1,0,0.09,0.26,767,24,0.04
C189,Shivnagar (SYNTHETIC),22.88635490706456,76.64367546600039,2117,383,1043,3.47,107.28,2,0,0.32,0.51,5004,81,0.16
C190,Ramnagar (SYNTHETIC),23.45196810453924,76.02125390267338,44134,8266,13826,67.68,149.9,2,0,0.73,0.76,146264,1821,0.59
C191,Gopalnagar (SYNTHETIC),22.04388477663303,76.82896919907552,799,107,507,3.47,171.04,6,1,0.04,0.13,278,16,0.03
C192,Haripura (SYNTHETIC),24.64796913700702,77.06139065591476,1815,306,1066,3.48,83.13,2,0,0.51,0.48,2868,37,0.29
C193,Nandpur (SYNTHETIC),23.785909797782466,77.05854010770143,3647,387,1649,24.44,57.32,2,0,0.64,0.73,6295,138,0.42
C194,Ramkhedi (SYNTHETIC),22.7920130498784,77.66096388933616,2721,516,1827,40.1,75.84,9,3,0.25,0.29,2922,49,0.17
C195,Shivgarh (SYNTHETIC),24.534614043265687,76.99603494443636,703,88,492,11.42,86.37,2,0,0.01,0.02,66,29,0.01
C196,Shyamnagar (SYNTHETIC),22.912090817343998,77.27241778761389,2902,237,1686,3.71,64.45,9,3,0.27,0.35,2389,65,0.14
C197,Chandangarh (SYNTHETIC),22.92686797020446,76.53057831040381,35349,4819,13537,13.19,114.41,2,0,0.5,0.88,111007,451,0.38
C198,Sultangaon (SYNTHETIC),22.415306479988182,78.31536067214238,37084,6177,13880,29.33,44.62,3,0,0.76,0.71,119961,1066,0.52
C199,Nandpura (SYNTHETIC),24.912649303056455,76.90150201763804,1127,99,664,3.13,110.38,2,0,0.47,0.54,2863,12,0.27
C200,Shivpura (SYNTHETIC),24.73063910460327,78.55612863565969,48606,8261,22687,11.56,73.86,1,0,0.76,0.78,87215,1925,0.41
C201,Shivkhedi (SYNTHETIC),22.199582824632564,76.92317861570612,47470,7763,20798,21.9,151.32,6,1,0.68,0.67,128159,2328,0.53
C202,Nandpind (SYNTHETIC),24.653749878763563,76.50088223806732,440,73,290,19.36,138.03,1,0,0.02,0.14,350,18,0.01
C203,Shyamnagar (SYNTHETIC),23.187884766242814,78.67723443664752,4567,631,2091,35.58,62.4,3,0,0.49,0.67,8123,132,0.26
C204,Bhimpind (SYNTHETIC),24.397710188302394,77.88642577544748,8295,1074,2113,1.41,1.01,31,15,0.71,0.97,25702,406,0.4
C205,Shyamgarh (SYNTHETIC),22.229439866497938,79.9469164060034,489,81,327,53.37,46.07,2,0,0.01,0.17,212,14,0.01
C206,Rajpur (SYNTHETIC),23.949975367502567,79.65817595914038,15875,3186,5025,0.4,127.82,7,2,0.87,0.93,48241,500,0.73
C207,Gopalpura (SYNTHETIC),24.665027498059157,78.49870589808705,3608,663,2115,2.63,65.61,1,0,0.42,0.69,7773,55,0.35
C208,Harinagar (SYNTHETIC),24.74194743972115,76.30403534728381,3612,365,1986,5.69,159.57,1,0,0.54,0.59,8144,86,0.29
C209,Bhimpura (SYNTHETIC),24.918835338325472,76.94852532690261,3288,571,1464,1.78,106.71,2,0,0.31,0.59,7564,134,0.17
C210,Shyamgarh (SYNTHETIC),23.314535839745034,79.3567215799212,901,78,493,35.41,80.55,3,0,0.01,0.23,1035,13,0.01
C211,Kishanpura (SYNTHETIC),23.139254568757952,79.20578310489182,2568,290,1167,21.37,78.09,3,0,0.63,0.54,6502,83,0.54
C212,Chandangaon (SYNTHETIC),22.6419272975851,78.86305782273503,15018,2627,4381,2.82,18.4,7,4,0.98,0.85,41897,659,0.86
C213,Shyamgarh (SYNTHETIC),22.83239403917486,77.12646416842253,48900,8174,21577,15.6,78.7,1,0,0.5,0.81,237490,1099,0.32
C214,Shyampind (SYNTHETIC),22.26696914456904,79.96678429348981,678,73,437,52.17,45.33,2,0,0.1,0.19,338,13,0.08
C215,Kishankhedi (SYNTHETIC),23.607754772959165,77.75108159983955,1941,205,850,4.42,31.46,3,0,0.51,0.48,3148,52,0.42
C216,Nandpind (SYNTHETIC),23.594364742567915,77.15178137070397,34784,3583,13453,36.63,37.84,2,0,0.59,0.78,66814,1108,0.51
C217,Laxmangarh (SYNTHETIC),23.116692144776398,79.78328966898508,17398,2521,4985,2.14,35.75,8,1,0.94,0.82,35345,856,0.55
C218,Haripura (SYNTHETIC),24.216600031399096,76.12977378418874,2146,342,1147,65.13,162.22,1,0,0.16,0.13,895,102,0.13
C219,Haripura (SYNTHETIC),24.90917089839393,77.72493547916623,2390,344,1047,15.02,54.53,8,1,0.42,0.52,3582,82,0.25
C220,Bhimpura (SYNTHETIC),24.909727664122254,76.92699776404989,1909,335,1120,1.35,108.02,2,0,0.58,0.44,3431,21,0.4
C221,Rajgarh (SYNTHETIC),23.96922881050197,79.88460362947315,3248,312,1245,22.91,126.76,7,2,0.61,0.52,7525,154,0.47
C222,Haripura (SYNTHETIC),23.651990138322553,77.61283102453301,4334,501,1623,13.61,25.11,1,0,0.64,0.68,7179,104,0.43
C223,Shyampind (SYNTHETIC),22.65086873759164,77.15202138369617,3225,357,1068,25.1,95.98,1,0,0.41,0.77,10143,123,0.22
C224,Gopalkhedi (SYNTHETIC),24.8743540267583,76.88178401698167,46585,7834,19895,7.21,110.0,2,0,0.78,0.87,147253,1867,0.56
C225,Sultanpind (SYNTHETIC),24.194489392129416,79.2978860704182,1585,222,743,45.5,140.38,7,2,0.65,0.66,3689,73,0.39
C226,Laxmangarh (SYNTHETIC),23.54228632765378,77.23387312595794,1932,156,1071,40.87,27.9,2,0,0.1,0.11,1277,93,0.06
C227,Rajnagar (SYNTHETIC),24.013279471257928,79.22172017218392,4787,1046,1690,45.01,137.48,7,2,0.52,0.73,7399,163,0.4
C228,Laxmanpur (SYNTHETIC),22.660598963436648,78.8612758116801,16644,3189,4432,1.71,18.52,7,4,0.74,0.91,74420,626,0.47
C229,Harinagar (SYNTHETIC),23.807348325899763,76.65207645525955,27014,2673,13370,62.59,93.95,2,0,0.51,0.85,67222,1208,0.44
C230,Rampind (SYNTHETIC),22.370277616140875,78.84523646180011,5603,875,1939,1.51,32.95,5,3,0.88,0.88,15281,215,0.53
C231,Nandpura (SYNTHETIC),23.649605688328617,76.20229241529691,2704,301,932,88.59,133.09,2,0,0.65,0.74,10567,127,0.35
C232,Chandankhedi (SYNTHETIC),24.612065366372317,76.33409965872008,1844,261,734,17.19,153.82,1,0,0.63,0.52,3171,47,0.45
C233,Chandanpind (SYNTHETIC),24.41629698789996,79.04064371916064,884,121,505,60.38,112.68,1,0,0.04,0.18,752,10,0.02
C234,Bhimpur (SYNTHETIC),22.73955971691395,79.90413079440081,541,51,331,9.57,3.55,14,9,0.03,0.06,154,24,0.03
C235,Bhimgarh (SYNTHETIC),22.31677463792992,76.1811785744523,2140,467,1084,23.35,184.5,1,0,0.16,0.12,565,59,0.11
C236,Ramkhedi (SYNTHETIC),23.055415019231056,79.04670350485465,3028,426,1373,19.7,60.41,3,0,0.59,0.8,9119,105,0.45
C237,Gopalnagar (SYNTHETIC),22.83681422822043,76.51669778097244,1398,204,490,16.9,121.06,2,0,0.58,0.66,3645,24,0.44
C238,Rajnagar (SYNTHETIC),23.807409492110367,78.04655433007606,342,33,238,41.54,63.52,3,0,0.03,0.02,16,15,0.03
C239,Kishanpur (SYNTHETIC),23.287187107907997,77.10369077752219,2421,405,1323,44.25,43.73,9,3,0.07,0.31,3716,45,0.04
C240,Bhimpind (SYNTHETIC),22.134990463706274,78.93660503616658,538,78,340,26.33,60.51,5,3,0.05,0.19,205,7,0.03
C241,Shyamkhedi (SYNTHETIC),23.279195070404867,78.19258081091209,936,81,648,57.67,74.28,3,0,0.09,0.3,1557,30,0.06
C242,Ramkhedi (SYNTHETIC),23.137684129314255,79.82251536835338,15902,1957,4624,2.55,36.3,8,1,0.94,1.0,84982,549,0.69
C243,Nandpur (SYNTHETIC),22.65367413888023,78.64733834045599,3534,442,1575,11.7,4.85,3,0,0.58,0.5,8314,114,0.37
C244,Chandanpura (SYNTHETIC),24.755192626244675,78.5991521870572,372,35,252,16.3,78.96,1,0,0.04,0.15,108,14,0.03
C245,Kishangarh (SYNTHETIC),24.933094912839934,77.86900648505363,10699,998,2525,1.86,54.42,8,1,0.88,0.88,30611,148,0.5
C246,Chandanpur (SYNTHETIC),24.620855586211647,79.98227560196275,1956,266,1097,35.37,199.12,2,0,0.24,0.2,1817,72,0.15
C247,Nandpur (SYNTHETIC),22.384977586566293,78.31397003291733,2233,334,1506,29.85,46.61,3,0,0.21,0.33,3582,77,0.12
C248,Bhimgarh (SYNTHETIC),23.329101119012858,78.46842377771462,4399,418,2167,57.6,81.17,3,0,0.46,0.54,9257,147,0.33
C249,Rajnagar (SYNTHETIC),24.926419084942065,77.89665718508795,346,53,239,3.95,53.6,8,1,0.0,0.06,63,8,0.0
C250,Chandankhedi (SYNTHETIC),24.93109502963553,78.17908890793116,1542,338,742,13.81,61.17,2,0,0.67,0.52,3867,62,0.42
C251,Nandpura (SYNTHETIC),24.197165339792665,79.69643086364512,2937,493,2036,27.38,154.02,7,2,0.25,0.19,3208,108,0.16
C252,Chandanpura (SYNTHETIC),24.370044524679646,77.27193020536134,1949,176,1156,37.94,57.25,2,0,0.1,0.34,1790,24,0.07
C253,Haripind (SYNTHETIC),23.2021125005034,76.4605847135808,4533,643,1957,37.87,108.9,2,0,0.52,0.62,12828,56,0.43
C254,Rajgaon (SYNTHETIC),24.86369778657643,76.60572925747985,1693,215,982,27.65,134.68,1,0,0.18,0.27,1165,43,0.1
C255,Laxmannagar (SYNTHETIC),22.175695915853602,78.20946455126894,3380,650,1247,35.71,70.01,3,0,0.66,0.67,9466,44,0.48
C256,Kishangarh (SYNTHETIC),24.636307749378744,78.23340926025645,4479,558,1812,21.25,40.17,2,0,0.51,0.68,11891,134,0.3
C257,Shyampura (SYNTHETIC),24.74736471836238,77.4391763741812,514,112,325,35.54,55.79,1,0,0.02,0.14,230,13,0.01
C258,Rajgarh (SYNTHETIC),23.267968101366876,79.98255133437924,526,87,345,24.39,48.81,8,1,0.27,0.14,256,23,0.14
C259,Sultangaon (SYNTHETIC),22.659096400328668,78.85468327773381,18583,2005,4946,1.05,17.82,7,4,0.95,0.84,47697,560,0.5
C260,Shyampind (SYNTHETIC),24.9337995524948,76.88231946632726,1428,191,741,5.11,113.26,2,0,0.52,0.47,3662,68,0.45
C261,Rampura (SYNTHETIC),23.423304680862206,76.02933660334472,1103,119,550,64.39,149.14,2,0,0.57,0.66,2194,16,0.49
C262,Laxmangaon (SYNTHETIC),24.708291363893526,78.09959994690335,615,88,396,20.33,35.8,2,0,0.03,0.12,416,30,0.03
C263,Shivpind (SYNTHETIC),24.968516000152967,78.73725699570137,4795,435,1970,43.69,102.97,1,0,0.44,0.61,5943,176,0.34
C264,Gopalpur (SYNTHETIC),23.95891876572382,78.31847638891254,1088,170,536,66.91,61.62,31,15,0.7,0.51,3262,15,0.48
C265,Chandangarh (SYNTHETIC),23.106529754453234,79.79408125816919,10249,2074,2419,2.1,34.25,8,1,0.93,1.0,54468,194,0.62
C266,Shivnagar (SYNTHETIC),22.820395159469832,76.19247510004269,3638,472,1606,5.97,150.38,2,0,0.57,0.7,11866,106,0.38
C267,Kishangarh (SYNTHETIC),22.48437350219272,77.88695935007375,1883,157,1221,15.41,83.42,3,0,0.17,0.16,1049,77,0.12
C268,Laxmannagar (SYNTHETIC),23.70217283246822,79.18497443782555,42050,4902,13735,54.94,124.03,3,0,0.68,0.75,115396,1428,0.48
C269,Rajgaon (SYNTHETIC),23.14127932604233,79.78983359632413,12074,1654,3411,2.37,37.93,8,1,0.73,0.93,45635,553,0.42
C270,Haripura (SYNTHETIC),24.41941366639122,77.89772419645975,13581,1555,3120,2.01,1.14,31,15,0.75,0.85,37401,437,0.55
C271,Laxmankhedi (SYNTHETIC),22.244724776834097,76.35115294823264,929,126,517,40.74,178.24,1,0,0.16,0.16,800,9,0.12
C272,Harikhedi (SYNTHETIC),24.79825881718094,76.08055139579716,407,70,267,27.84,182.97,1,0,0.09,0.09,176,19,0.08
C273,Harigaon (SYNTHETIC),24.63925720688303,76.19688365816305,1924,191,662,21.2,167.99,1,0,0.67,0.58,6033,57,0.52
C274,Laxmanpind (SYNTHETIC),24.280016634886294,77.2503920996332,587,123,390,37.89,60.82,4,3,0.02,0.2,368,24,0.02
C275,Rajpur (SYNTHETIC),24.807774044260093,76.38517776930856,3475,347,1921,5.65,153.58,1,0,0.54,0.5,7999,123,0.27
C276,Shyampind (SYNTHETIC),24.765680636812434,76.36854251254279,2531,507,1418,1.47,153.91,1,0,0.34,0.49,3184,121,0.21
C277,Kishankhedi (SYNTHETIC),24.43583870391365,79.78299880890373,519,95,347,53.74,179.24,2,0,0.09,0.03,64,10,0.07
C278,Rajgaon (SYNTHETIC),22.66616503639021,78.84066985515645,13667,2970,4359,0.73,16.61,7,4,0.79,0.9,70123,647,0.52
C279,Laxmannagar (SYNTHETIC),22.337771399587584,77.63111213762465,46591,7845,20305,21.59,112.91,3,0,0.51,0.89,127581,929,0.45
C280,Rampind (SYNTHETIC),23.179365394621236,76.55701628313882,307,39,195,31.25,100.18,2,0,0.05,0.2,202,9,0.04
C281,Ramnagar (SYNTHETIC),24.42418626343581,77.88240503598622,12019,2397,4017,1.65,2.0,31,15,0.82,0.96,54361,186,0.5
C282,Haripur (SYNTHETIC),22.877807401865585,76.18516703724508,3168,360,1462,4.64,148.14,2,0,0.37,0.61,4441,125,0.29
C283,Haripur (SYNTHETIC),24.753522649280658,76.43211582996632,26979,2464,11464,8.0,147.36,1,0,0.73,0.68,70117,1067,0.56
C284,Ramgarh (SYNTHETIC),24.677279660029644,78.48000432679675,3862,346,2243,4.36,64.4,1,0,0.34,0.41,9345,185,0.19
C285,Sultanpind (SYNTHETIC),22.184275387779497,76.89569835118635,2453,449,1132,18.87,153.98,6,1,0.53,0.79,8071,106,0.34
C286,Ramgaon (SYNTHETIC),24.732503705647808,76.38936429642187,1039,215,609,5.13,150.95,1,0,0.45,0.63,3459,47,0.26
C287,Bhimpur (SYNTHETIC),23.131161793005095,77.57328268154076,3178,392,1059,35.55,37.07,9,3,0.45,0.71,9022,133,0.36
C288,Ramgarh (SYNTHETIC),23.64113603684673,76.34978600719954,2509,536,890,86.75,118.11,2,0,0.52,0.51,7468,60,0.27
C289,Harigarh (SYNTHETIC),24.810084171243624,78.23452318385787,2906,563,1509,2.63,53.09,2,0,0.41,0.44,4558,44,0.24
C290,Laxmanpind (SYNTHETIC),23.802836453613157,78.78431944626816,1406,270,834,68.04,108.26,3,0,0.25,0.16,616,20,0.21
C291,Shyamkhedi (SYNTHETIC),22.21683084271953,78.30314345109764,4414,478,1401,38.18,60.12,3,0,0.62,0.61,11225,80,0.44
C292,Shyamnagar (SYNTHETIC),23.19181441852138,76.98220250377797,868,140,570,42.66,59.65,1,0,0.03,0.02,94,17,0.02
C293,Shivgaon (SYNTHETIC),22.5863740011052,76.66491744820664,2791,355,1819,36.47,128.41,2,0,0.1,0.21,3430,110,0.07
C294,Rajpind (SYNTHETIC),22.349252781820287,78.85794877837188,17440,2125,4936,1.18,35.63,5,3,0.76,0.98,63861,392,0.6
C295,Harikhedi (SYNTHETIC),24.957304748757224,79.16513716998674,720,132,434,69.19,140.23,2,0,0.03,0.11,296,7,0.02
C296,Bhimkhedi (SYNTHETIC),23.857612951876465,77.92117703516543,2154,318,1333,37.15,56.13,3,0,0.07,0.13,607,54,0.04
C297,Shyamnagar (SYNTHETIC),23.839455733309055,79.22240887508096,2198,385,931,46.24,134.13,7,2,0.69,0.66,6777,66,0.46
C298,Nandgaon (SYNTHETIC),22.66473319910063,78.85384815332597,16546,2825,4157,1.05,17.88,7,4,0.99,0.91,34413,759,0.54
C299,Chandannagar (SYNTHETIC),23.791937134992136,77.57454208110977,631,58,433,28.45,38.33,1,0,0.09,0.07,219,27,0.05
C300,Rampura (SYNTHETIC),24.367068533644403,76.47642614350687,24216,4773,10887,40.44,137.77,1,0,0.59,0.76,88125,1141,0.47
C301,Harikhedi (SYNTHETIC),24.08857735090327,76.77148227475845,1370,261,438,46.13,101.52,1,0,0.56,0.75,5365,40,0.29
C302,Nandpur (SYNTHETIC),24.135333834972847,79.59342110067067,37480,3962,16649,21.34,149.39,7,2,0.54,0.64,79038,1105,0.27
C303,Kishankhedi (SYNTHETIC),22.838908955479617,76.54548130987027,3912,524,1779,14.31,118.52,2,0,0.64,0.58,9093,173,0.52
C304,Shyampura (SYNTHETIC),22.91441548288631,77.29972404834874,10044,1845,2841,2.06,63.29,9,3,0.98,0.8,31754,134,0.87
C305,Harinagar (SYNTHETIC),22.709829348122522,77.93399234042721,1572,178,1049,30.4,77.57,3,0,0.02,0.13,576,47,0.02
C306,Bhimgarh (SYNTHETIC),24.375806868891292,77.60922816552949,1562,331,952,27.8,23.14,31,15,0.11,0.32,1481,21,0.08
C307,Harigarh (SYNTHETIC),24.619595352605497,78.47922015370462,3773,624,2197,3.04,61.58,1,0,0.32,0.55,8617,75,0.2
C308,Laxmankhedi (SYNTHETIC),24.405182875250667,77.89524061376042,10187,1043,3262,1.5,1.2,31,15,0.71,0.95,40123,180,0.56
C309,Gopalpind (SYNTHETIC),24.534912560920304,77.90528940882761,3679,374,1563,14.17,10.11,31,15,0.52,0.59,7572,67,0.41
C310,Laxmangaon (SYNTHETIC),23.405670983773405,76.59183333643762,4938,926,1682,55.06,91.88,2,0,0.46,0.54,9855,161,0.24
C311,Harikhedi (SYNTHETIC),24.44996572960487,79.54095551483026,1346,264,508,56.54,163.43,7,2,0.56,0.77,2640,63,0.45
C312,Gopalkhedi (SYNTHETIC),23.090211795998282,79.75272469009889,28267,5939,12806,6.33,34.81,8,1,0.6,0.81,64568,1184,0.48
C313,Sultangarh (SYNTHETIC),22.848296371180297,77.21796169741611,4931,654,2442,12.67,73.09,9,3,0.59,0.72,18367,135,0.5
C314,Rampura (SYNTHETIC),22.761510740875163,78.69822836659714,2793,384,1508,5.2,15.05,2,0,0.5,0.53,5901,28,0.39
C315,Nandpind (SYNTHETIC),22.94164147526844,77.29847582192693,19083,3367,5983,0.99,60.46,9,3,0.79,0.9,93169,951,0.53
C316,Nandkhedi (SYNTHETIC),24.941327731589627,77.8658278466715,17867,2174,3919,0.94,55.35,8,1,0.79,0.84,76711,515,0.47
C317,Shyampur (SYNTHETIC),24.819773118657125,77.3721068503601,4952,715,2368,30.69,66.26,1,0,0.55,0.55,13268,244,0.28
C318,Bhimnagar (SYNTHETIC),22.845475009886417,76.73720558780039,21180,3081,6923,11.11,102.67,2,0,0.51,0.83,77983,574,0.26
C319,Nandkhedi (SYNTHETIC),24.404987613884625,77.89669951919896,18409,3952,6241,1.64,1.18,31,15,0.8,0.92,68575,517,0.49
C320,Rampura (SYNTHETIC),22.795311196064194,79.98070548069265,11713,1058,2454,1.49,3.85,14,9,0.92,0.87,25127,524,0.63
C321,Sultanpind (SYNTHETIC),23.712561808836284,79.63838156444378,1024,105,325,26.85,102.88,7,2,0.64,0.78,4693,32,0.33
C322,Bhimkhedi (SYNTHETIC),24.246095435317464,76.85256847725574,46015,4305,21927,27.94,101.12,1,0,0.79,0.67,68633,697,0.41
C323,Nandpur (SYNTHETIC),23.63136121117524,78.7798805324859,3060,575,1145,50.91,112.13,3,0,0.7,0.68,5608,77,0.45
C324,Ramgaon (SYNTHETIC),23.45251909649022,79.17605780106385,703,78,438,29.2,104.53,3,0,0.03,0.16,457,14,0.02
C325,Nandpura (SYNTHETIC),24.53439274356444,76.31842030797003,2267,324,1244,25.96,154.36,1,0,0.2,0.36,4677,82,0.13
C326,Sultangarh (SYNTHETIC),23.74364643246815,78.87267179024205,1497,264,602,58.99,119.4,3,0,0.58,0.67,5326,34,0.5
C327,Haripura (SYNTHETIC),22.800316190871772,76.47812347818831,1921,354,629,22.42,126.63,2,0,0.43,0.75,3143,92,0.34
C328,Sultanpura (SYNTHETIC),23.542245762298556,79.11746068134048,665,53,425,35.93,111.01,3,0,0.06,0.16,564,16,0.04
C329,Nandkhedi (SYNTHETIC),24.959462204715187,77.11307064327508,1488,183,868,14.61,96.03,3,0,0.21,0.34,2947,55,0.11
C330,Shyampura (SYNTHETIC),23.860704546883362,78.1792043411044,1502,206,514,55.91,62.71,3,0,0.49,0.57,4135,28,0.31
C331,Rampind (SYNTHETIC),22.942115523381343,76.6312073757941,1528,306,653,4.17,104.79,2,0,0.56,0.53,4289,75,0.48
C332,Shivkhedi (SYNTHETIC),22.039487887539828,76.79814153372061,5031,525,1551,0.42,172.76,6,1,0.78,0.9,19037,194,0.53
C333,Shivpura (SYNTHETIC),22.930705851234116,76.72705439104477,1760,173,1043,7.24,97.48,2,0,0.1,0.18,1783,78,0.08
C334,Kishanpura (SYNTHETIC),24.423871984327057,79.07105847085735,379,64,249,62.87,115.78,1,0,0.06,0.17,242,11,0.03
C335,Ramnagar (SYNTHETIC),22.667400559398935,78.8352838925469,18659,3172,5809,1.21,16.11,7,4,0.83,0.83,50278,650,0.49
C336,Bhimgarh (SYNTHETIC),23.89400947409623,77.20958848044,1275,198,641,5.15,56.51,2,0,0.5,0.66,2556,51,0.4
C337,Gopalpur (SYNTHETIC),22.291054654711267,76.2569543034285,3370,639,1323,30.3,180.97,1,0,0.65,0.76,14774,70,0.43
C338,Rajkhedi (SYNTHETIC),24.74162887096539,79.92417944901786,3647,448,1604,20.72,205.71,2,0,0.65,0.72,5890,86,0.49
C339,Shyamgaon (SYNTHETIC),23.126530777860292,79.78834631150434,19064,2416,5733,1.52,36.5,8,1,0.81,0.89,51145,671,0.41
C340,Rampind (SYNTHETIC),23.817261191562803,78.52752063698755,1817,330,1182,82.41,87.55,3,0,0.17,0.31,3037,31,0.12
C341,Rajgarh (SYNTHETIC),22.374610230717767,78.10178050544872,1437,172,586,11.16,66.11,3,0,0.46,0.8,6869,69,0.31
C342,Harigaon (SYNTHETIC),24.146862150915357,78.74776574001405,925,113,619,60.55,87.13,1,0,0.07,0.06,264,32,0.04
C343,Bhimpur (SYNTHETIC),22.985711898196882,78.40902520950902,2289,442,989,33.94,48.9,2,0,0.63,0.52,5597,68,0.56
C344,Shivpur (SYNTHETIC),24.42040215246666,77.86991169377147,14318,2991,2895,1.67,3.34,31,15,0.71,0.9,75806,270,0.42
C345,Laxmannagar (SYNTHETIC),24.685229677485534,78.29571654449192,2403,504,1159,16.3,48.41,2,0,0.65,0.65,4144,24,0.58
C346,Kishangaon (SYNTHETIC),22.666985650792633,78.8608775504896,7531,1316,2574,1.81,18.64,7,4,0.99,0.89,21504,132,0.62
C347,Kishannagar (SYNTHETIC),24.951491948544366,77.85052289115453,8552,958,2179,1.68,56.59,8,1,0.75,0.82,20269,104,0.38
C348,Chandangaon (SYNTHETIC),24.672921654072113,78.27798903407431,2580,449,1646,17.27,46.16,2,0,0.3,0.15,2276,127,0.23
C349,Shivpur (SYNTHETIC),22.670837859377993,79.42838775843967,4268,388,1466,19.1,26.78,2,0,0.53,0.65,11852,59,0.36
C350,Rajgaon (SYNTHETIC),24.993806645410384,76.93561717481562,1138,92,495,5.25,112.48,3,0,0.47,0.67,4004,14,0.32
C351,Haripur (SYNTHETIC),22.25188769034018,79.08008491382331,3520,643,1099,26.21,58.22,5,3,0.7,0.6,8678,65,0.57
C352,Nandpind (SYNTHETIC),22.277585663100158,77.59772911612342,2675,265,1287,24.74,118.25,3,0,0.55,0.71,4227,28,0.31
C353,Kishanpura (SYNTHETIC),24.78629026361648,77.98697371202394,2607,272,1685,21.83,39.1,8,1,0.13,0.31,2807,92,0.07
C354,Harinagar (SYNTHETIC),24.988673479133915,77.89813425048976,2540,518,1572,5.35,60.53,8,1,0.13,0.34,3136,86,0.1
C355,Chandanpind (SYNTHETIC),23.11743093862437,79.78976749588952,14329,2585,3279,1.51,35.53,8,1,0.96,0.99,66189,340,0.49
C356,Sultanpur (SYNTHETIC),24.87418354575345,76.9352091831646,1158,206,674,5.25,105.29,2,0,0.51,0.42,1944,32,0.28
C357,Shivpura (SYNTHETIC),22.822684625320285,76.12778736344852,1152,242,675,4.08,156.13,2,0,0.44,0.66,1889,29,0.23
C358,Sultangaon (SYNTHETIC),23.893351083676706,78.85959375230915,2719,327,1340,75.48,109.09,3,0,0.49,0.79,8402,132,0.25
C359,Ramnagar (SYNTHETIC),23.11210360604118,79.79241713284813,9219,1872,1870,1.67,34.88,8,1,0.82,0.85,45769,218,0.52
C360,Laxmanpur (SYNTHETIC),24.476319687245887,76.58643320144002,24789,4143,7659,26.71,126.82,1,0,0.74,0.78,62955,613,0.6
C361,Shyampura (SYNTHETIC),24.841458808019063,77.62585087180828,4087,376,1968,27.14,51.97,8,1,0.55,0.77,18065,175,0.45
C362,Shivpind (SYNTHETIC),24.55039820405511,77.15660133781661,966,155,631,15.55,70.81,2,0,0.0,0.03,132,10,0.0
C363,Laxmannagar (SYNTHETIC),24.104090680931325,76.0574918071111,1198,247,587,79.45,162.68,1,0,0.58,0.6,3504,51,0.44
C364,Sultanpura (SYNTHETIC),22.63057590615654,77.29377142040079,873,144,542,33.63,93.95,9,3,0.05,0.17,350,31,0.04
C365,Bhimgaon (SYNTHETIC),22.0940280065766,76.47779553585714,3489,702,1559,33.23,183.62,6,1,0.68,0.56,8006,128,0.56
C366,Sultanpind (SYNTHETIC),22.00188254988537,79.8523765235912,4670,440,1818,50.85,59.92,2,0,0.63,0.52,5047,161,0.56
C367,Sultankhedi (SYNTHETIC),23.91760548816988,76.94273013830355,3854,628,1824,32.0,75.83,2,0,0.66,0.54,5201,104,0.37
C368,Sultanpind (SYNTHETIC),22.3173895608184,78.02455941077858,870,134,604,15.01,76.04,3,0,0.09,0.1,319,38,0.07
C369,Harinagar (SYNTHETIC),22.166298966823703,78.21675060401917,3351,694,1620,36.99,70.25,3,0,0.68,0.72,10627,104,0.49
C370,Gopalnagar (SYNTHETIC),22.318797714377187,79.1137136271256,419,84,280,27.18,52.74,5,3,0.04,0.04,55,5,0.03
C371,Rampur (SYNTHETIC),22.83433650266141,76.73774076233705,2990,517,942,12.04,103.46,2,0,0.48,0.72,6345,88,0.3
C372,Rajpind (SYNTHETIC),22.84970645742927,76.97585645495005,2360,255,1193,4.61,85.52,1,0,0.31,0.62,3562,59,0.26
C373,Sultanpura (SYNTHETIC),22.90020124871632,76.60505713785071,1211,110,736,5.71,109.61,2,0,0.11,0.33,820,17,0.07
C374,Chandangarh (SYNTHETIC),24.405477699626545,77.86549837801819,1404,145,921,1.65,3.04,31,15,0.03,0.36,2062,41,0.02
C375,Nandnagar (SYNTHETIC),23.620651800335857,76.20129173173865,657,119,426,85.37,132.72,2,0,0.06,0.11,183,28,0.03
C376,Sultanpura (SYNTHETIC),24.66623955044144,76.24669833448382,33501,4099,14402,15.48,163.52,1,0,0.56,0.77,99048,709,0.36
C377,Kishangarh (SYNTHETIC),23.684783523136584,76.68325482522485,994,95,538,63.52,86.15,2,0,0.1,0.28,1625,10,0.08
C378,Nandgarh (SYNTHETIC),23.113358061212704,79.81654497487459,8139,1699,2119,1.81,33.99,8,1,0.72,0.94,35225,110,0.63
C379,Haripur (SYNTHETIC),23.206781241050628,76.20489718561726,2986,561,1105,39.61,134.18,2,0,0.44,0.62,9654,48,0.28
C380,Kishangaon (SYNTHETIC),23.08482195527617,77.62567416400856,866,185,534,37.3,43.5,9,3,0.04,0.01,18,20,0.03
C381,Chandanpind (SYNTHETIC),24.966484360291542,77.85084554072205,13161,1360,3829,2.48,58.25,8,1,0.92,0.95,64980,510,0.49
C382,Chandankhedi (SYNTHETIC),23.012431137138915,76.07232436882275,2601,512,1125,19.17,153.09,2,0,0.56,0.69,5105,38,0.47
C383,Sultanpur (SYNTHETIC),22.421646908793306,78.06548189168022,2687,428,1186,4.77,67.55,3,0,0.53,0.61,9027,73,0.47
C384,Shivgaon (SYNTHETIC),22.352790198788185,78.836309455214,15868,2347,4227,1.84,34.22,5,3,0.79,0.96,77589,401,0.54
C385,Gopalkhedi (SYNTHETIC),23.57783973070438,79.2351977780046,2447,290,865,44.26,110.14,3,0,0.56,0.7,9838,95,0.41
C386,Rampur (SYNTHETIC),24.407112687461694,77.88794937318006,9731,2112,2292,0.73,1.61,31,15,0.9,0.97,33614,201,0.6
C387,Rajnagar (SYNTHETIC),23.382136514044827,77.14511944844776,1989,275,924,52.42,36.21,9,3,0.59,0.7,3170,41,0.53
C388,Bhimpur (SYNTHETIC),22.022073488876245,78.07282292873009,21125,3288,10429,39.3,92.09,3,0,0.67,0.88,70946,1009,0.52
C389,Shyampura (SYNTHETIC),22.72073505539291,77.87921728579472,1638,246,872,33.77,83.29,3,0,0.17,0.21,1804,59,0.11
C390,Kishangarh (SYNTHETIC),22.118252755361087,78.96523483340304,4310,664,1810,29.13,63.48,5,3,0.69,0.77,6979,85,0.47
C391,Harigaon (SYNTHETIC),23.94809116183506,77.24033130225138,1943,251,795,4.66,60.38,2,0,0.45,0.68,7192,50,0.26
C392,Laxmanpura (SYNTHETIC),24.20575364892038,79.18934722259985,488,79,309,55.41,129.31,7,2,0.09,0.03,32,19,0.06
C393,Kishangarh (SYNTHETIC),24.164347471328718,79.76511571562719,2704,425,1656,25.79,149.41,7,2,0.15,0.33,2210,40,0.11
C394,Rampura (SYNTHETIC),22.59461879570656,76.57601289567928,49984,8224,17875,36.55,133.92,2,0,0.69,0.73,80137,689,0.35
C395,Nandgarh (SYNTHETIC),22.187439284073463,78.88489786999567,1075,218,686,19.33,53.01,5,3,0.21,0.39,2457,31,0.16
C396,Kishannagar (SYNTHETIC),22.934829484783723,77.30673137203362,16306,2965,5094,0.65,60.91,9,3,0.89,0.91,66916,397,0.59
C397,Rampind (SYNTHETIC),24.510189058431358,76.6547026549189,1192,160,652,19.75,120.23,1,0,0.02,0.31,1402,54,0.01
C398,Gopalpind (SYNTHETIC),24.88887398394589,78.43074256420324,2958,355,1868,19.21,73.16,2,0,0.25,0.11,1389,62,0.16
C399,Sultankhedi (SYNTHETIC),24.62232735407749,76.12183123228199,1363,149,612,28.35,175.22,1,0,0.66,0.69,3896,53,0.49
C400,Rampur (SYNTHETIC),22.199979489469918,79.99424322634252,1099,173,514,59.17,51.93,2,0,0.65,0.61,3756,51,0.33
C401,Rajgarh (SYNTHETIC),24.007946249090505,79.55308878604602,2839,611,1308,12.44,136.82,7,2,0.58,0.56,4857,84,0.31
C402,Bhimkhedi (SYNTHETIC),24.230807552681853,79.00108731788708,2269,189,798,68.44,110.02,1,0,0.55,0.59,4193,72,0.27
C403,Rajgarh (SYNTHETIC),23.600758830636682,77.6661648926931,2128,442,1132,5.76,24.07,1,0,0.58,0.55,6442,63,0.39
C404,Nandkhedi (SYNTHETIC),22.86096039841463,76.9995504257236,30687,4529,12988,6.32,83.05,1,0,0.55,0.81,88361,1422,0.28
C405,Nandpura (SYNTHETIC),23.86941596030558,77.28027331769005,1599,153,871,5.0,50.74,2,0,0.41,0.55,3191,47,0.29
C406,Ramkhedi (SYNTHETIC),24.423494355479868,78.7715137107866,3223,558,1056,36.82,85.48,1,0,0.61,0.62,8237,114,0.39
C407,Sultangarh (SYNTHETIC),22.77891147238076,80.00095867545446,18443,3708,3934,1.68,3.25,14,9,0.91,0.97,58831,315,0.54
C408,Kishangaon (SYNTHETIC),22.961702758049498,76.53991394428657,2184,402,806,13.25,111.63,2,0,0.57,0.63,7700,87,0.36
C409,Kishanpura (SYNTHETIC),22.390953964273873,77.38250814814464,4230,846,1380,47.83,118.93,3,0,0.47,0.52,9955,85,0.34
C410,Laxmanpur (SYNTHETIC),24.71810865666093,76.30436141878123,1681,197,940,7.28,158.94,1,0,0.42,0.66,3281,32,0.27
C411,Kishankhedi (SYNTHETIC),22.65481959634448,76.52180563977447,1050,152,366,32.09,133.27,2,0,0.45,0.71,3261,47,0.38
C412,Rajnagar (SYNTHETIC),22.04062477831951,76.78431371828816,19001,4030,5405,1.15,173.24,6,1,0.8,0.83,31867,370,0.7
C413,Ramnagar (SYNTHETIC),23.93619407279425,79.6795519874424,11118,1024,2731,2.76,125.84,7,2,0.79,0.91,20327,311,0.66
C414,Rajnagar (SYNTHETIC),22.544728811699645,76.01802012519073,2065,376,956,7.11,181.62,1,0,0.44,0.55,6256,98,0.37
C415,Shivgaon (SYNTHETIC),22.998869843114253,76.49982626433608,1426,313,500,18.78,113.29,2,0,0.61,0.58,2267,22,0.33
C416,Bhimpur (SYNTHETIC),23.393050749646424,77.73300372923612,4198,521,1539,19.61,25.68,1,0,0.62,0.63,13432,50,0.31
C417,Sultannagar (SYNTHETIC),22.16414252450092,78.14188229836535,2839,597,1873,33.93,75.89,3,0,0.18,0.34,4945,113,0.11
C418,Chandanpind (SYNTHETIC),22.777020427374676,79.98062631537823,6591,1072,1897,0.76,4.26,14,9,0.9,0.86,27571,262,0.64
C419,Laxmangarh (SYNTHETIC),23.34655409695601,78.39604417685428,1286,243,619,65.23,85.31,3,0,0.47,0.78,2082,29,0.35
C420,Chandanpur (SYNTHETIC),22.215720151949338,79.63602235534282,2894,390,1622,30.64,30.24,2,0,0.02,0.26,2043,95,0.02
C421,Chandannagar (SYNTHETIC),24.080980236555185,77.52813300536346,5146,415,1688,2.11,47.2,4,3,0.72,0.91,26825,73,0.6
C422,Chandangaon (SYNTHETIC),23.532048953341548,77.90819290071742,45046,4331,14519,18.98,43.41,3,0,0.73,0.75,174719,1404,0.5
C423,Gopalpind (SYNTHETIC),24.288543707039437,79.06108209646783,1390,286,799,69.24,115.23,1,0,0.08,0.34,1078,17,0.07
C424,Laxmangaon (SYNTHETIC),24.26518124444855,78.68930723997457,3124,325,1478,46.12,78.21,1,0,0.43,0.74,12549,140,0.31
C425,Haripura (SYNTHETIC),24.094211639210204,78.55255961006507,1301,276,684,61.1,71.0,1,0,0.03,0.23,1157,29,0.02
C426,Sultanpur (SYNTHETIC),24.435903227172403,79.46860860400449,3692,365,1671,57.07,156.05,7,2,0.41,0.67,7208,167,0.21
C427,Shivgaon (SYNTHETIC),23.340316476518822,76.02838612997955,2548,454,1619,55.38,149.79,2,0,0.11,0.26,3891,79,0.07
C428,Kishangaon (SYNTHETIC),22.894451068829667,76.50585698161429,2606,281,1548,15.8,118.46,2,0,0.11,0.3,3423,32,0.07
C429,Ramkhedi (SYNTHETIC),24.24601652575297,79.31169981818125,4084,861,1663,48.05,141.0,7,2,0.41,0.56,12173,178,0.26
C430,Rajpind (SYNTHETIC),22.47211475004973,76.12427252097783,2867,602,1481,6.87,177.59,1,0,0.07,0.17,2129,105,0.06
C431,Chandanpur (SYNTHETIC),22.11639836418666,76.74709011292451,2578,398,1483,9.63,167.32,6,1,0.23,0.21,1058,50,0.13
C432,Chandanpur (SYNTHETIC),22.83902156963933,76.7660852882006,652,84,396,13.83,100.96,2,0,0.09,0.05,157,20,0.07
C433,Shivgaon (SYNTHETIC),23.205440375805086,76.30520981669632,41981,8112,12673,42.22,124.21,2,0,0.69,0.6,76624,1488,0.47
C434,Rampind (SYNTHETIC),22.448507773684824,78.07157889922217,2365,194,1163,4.01,66.0,3,0,0.47,0.52,3864,64,0.35
C435,Nandnagar (SYNTHETIC),22.951865430545066,77.28959132376191,17084,2732,5657,2.39,59.69,9,3,0.72,0.98,34234,347,0.48
C436,Gopalpura (SYNTHETIC),22.055075151997674,78.615976885681,2046,428,1060,41.66,63.96,5,3,0.09,0.13,1223,30,0.06
C437,Harikhedi (SYNTHETIC),23.962689933999624,77.1017196145579,977,104,683,16.9,68.88,2,0,0.03,0.2,634,28,0.02
C438,Shyamgaon (SYNTHETIC),24.16100010749798,79.67314014151984,2632,506,1267,23.14,150.47,7,2,0.46,0.66,3902,99,0.33
C439,Rampura (SYNTHETIC),23.751779617593225,76.32973308807597,835,154,515,95.97,122.79,2,0,0.01,0.1,451,26,0.0
C440,Shyampura (SYNTHETIC),24.600565639081196,78.50503709864971,40071,7551,13083,4.61,63.12,1,0,0.54,0.88,108334,1897,0.42
C441,Laxmankhedi (SYNTHETIC),22.23143312225818,77.22478368192833,2139,346,1420,48.98,138.85,6,1,0.07,0.18,1589,48,0.06
C442,Shivgaon (SYNTHETIC),22.210304440802325,79.45816536632833,34986,3445,14863,15.86,33.59,2,0,0.63,0.78,137707,736,0.54
C443,Shivkhedi (SYNTHETIC),24.42321787960214,77.42556199719962,1403,190,548,40.86,41.67,4,3,0.69,0.7,3220,69,0.38
C444,Chandanpind (SYNTHETIC),23.433998635162933,77.88546593763138,939,89,641,22.4,40.34,3,0,0.04,0.18,833,37,0.04
C445,Ramgarh (SYNTHETIC),22.67367840780669,77.86202266610992,2060,188,978,30.24,84.57,3,0,0.62,0.69,8054,44,0.43
C446,Shivpind (SYNTHETIC),24.383988677193667,77.82526728220385,1683,278,554,6.33,2.02,31,15,0.48,0.65,4683,64,0.42
C447,Laxmanpur (SYNTHETIC),22.8401797867626,77.0170603027484,1359,235,556,5.47,83.86,1,0,0.46,0.49,3595,22,0.38
C448,Kishankhedi (SYNTHETIC),24.78822269821062,78.5136913156707,576,120,402,16.41,73.14,1,0,0.03,0.2,581,13,0.02
C449,Harinagar (SYNTHETIC),24.234596075398837,76.3186157104817,1194,116,572,59.16,147.34,1,0,0.53,0.63,1886,18,0.27
C450,Shyampur (SYNTHETIC),23.294752987352528,79.05441226835205,49777,10121,15974,7.8,83.37,3,0,0.7,0.62,125846,2140,0.59
C451,Kishankhedi (SYNTHETIC),23.86328980500481,77.29879667370595,3498,753,1421,6.62,49.34,2,0,0.39,0.64,9146,77,0.25
C452,Rajgarh (SYNTHETIC),22.915251957330735,76.69159298101347,2049,341,869,3.38,101.42,2,0,0.43,0.44,4224,84,0.31
C453,Gopalnagar (SYNTHETIC),23.633383996447506,76.67376220452766,2401,486,1295,66.85,85.59,2,0,0.3,0.38,4439,67,0.21
C454,Ramgarh (SYNTHETIC),23.11962210731538,77.97298997210395,1947,328,1236,56.41,61.84,3,0,0.06,0.37,1728,66,0.03
C455,Shivpur (SYNTHETIC),22.752961618948213,78.73373794821566,3735,601,1748,3.32,14.91,3,0,0.55,0.73,12259,79,0.47
C456,Laxmannagar (SYNTHETIC),24.165401264649567,76.32035803868465,1732,335,775,65.08,142.83,1,0,0.58,0.67,2908,18,0.45
C457,Nandpur (SYNTHETIC),22.451633764186674,77.87616018666385,1761,222,1055,16.1,85.28,3,0,0.18,0.25,1021,23,0.12
C458,Chandankhedi (SYNTHETIC),23.455766812441723,78.17362340879306,513,55,344,47.33,69.66,3,0,0.02,0.02,41,13,0.01
C459,Gopalgarh (SYNTHETIC),22.30185993166777,77.23852724001138,3654,391,1432,54.0,130.89,6,1,0.6,0.59,6082,39,0.51
C460,Gopalkhedi (SYNTHETIC),22.838804297935397,76.50963228678171,3557,453,1525,17.42,121.53,2,0,0.42,0.54,9285,114,0.25
C461,Kishanpur (SYNTHETIC),22.652352035001474,78.86394740391195,19410,3213,6343,2.19,18.63,7,4,0.8,1.0,41904,893,0.58
C462,Laxmanpind (SYNTHETIC),24.499018645603257,78.79269544285962,503,81,302,33.8,88.41,1,0,0.03,0.06,148,22,0.02
C463,Shyamkhedi (SYNTHETIC),22.34876772599133,78.86808766731986,17197,3443,5846,1.91,36.21,5,3,0.99,0.98,80181,289,0.6
C464,Shyampind (SYNTHETIC),24.400468826804612,77.8928981687985,8378,1328,2786,1.55,0.73,31,15,0.9,0.85,19555,158,0.63
C465,Chandannagar (SYNTHETIC),23.464928928477534,77.35087657824887,684,123,432,38.39,14.3,1,0,0.07,0.16,496,33,0.07
C466,Bhimnagar (SYNTHETIC),23.64284830196124,78.56193317256884,1148,172,625,65.58,104.54,3,0,0.03,0.14,835,43,0.02
C467,Ramgarh (SYNTHETIC),22.877245251652745,79.49958893839171,840,121,584,14.43,44.7,2,0,0.04,0.15,371,40,0.03
C468,Gopalpind (SYNTHETIC),23.501742668344896,79.42235557630225,1826,205,1111,50.73,91.64,3,0,0.08,0.3,2373,78,0.04
C469,Bhimgarh (SYNTHETIC),23.500915469063543,79.57639814442464,47596,6254,14637,47.9,83.41,8,1,0.52,0.85,167916,757,0.41
C470,Sultankhedi (SYNTHETIC),23.192904494018983,79.07122680763369,1628,282,742,6.57,74.37,3,0,0.3,0.7,3081,54,0.26
C471,Nandpur (SYNTHETIC),22.56371076639525,78.4991815948749,30093,6207,10104,28.26,20.28,2,0,0.56,0.69,74944,596,0.38
C472,Sultanpind (SYNTHETIC),24.623961630297675,78.54577592250905,3002,263,1575,5.26,67.92,1,0,0.31,0.5,3132,84,0.2
C473,Shivpur (SYNTHETIC),22.494153240828943,78.75657342792135,3058,275,1279,18.02,16.49,5,3,0.46,0.6,4719,39,0.38
C474,Gopalnagar (SYNTHETIC),24.148976030428084,78.67754169467948,633,119,419,57.71,80.29,1,0,0.06,0.01,19,15,0.04
C475,Rajpind (SYNTHETIC),23.245490759812313,79.05951532035388,422,64,294,4.13,78.79,3,0,0.03,0.19,471,13,0.02
C476,Bhimgarh (SYNTHETIC),24.51514017255493,76.84079942395981,3068,567,1838,2.16,101.58,1,0,0.4,0.48,6787,74,0.21
C477,Harinagar (SYNTHETIC),24.286098163117153,78.14951676177542,2601,370,1423,30.44,24.89,31,15,0.01,0.21,1250,125,0.01
C478,Shivgaon (SYNTHETIC),24.956572399765655,78.21623353384085,4723,470,2269,14.92,65.46,2,0,0.4,0.72,8159,127,0.35
C479,Gopalnagar (SYNTHETIC),22.423378354897967,76.00315804437288,2525,275,1724,10.1,190.74,1,0,0.03,0.29,3414,33,0.02
C480,Kishanpur (SYNTHETIC),24.969209793136812,77.5095504998991,611,59,422,36.1,70.27,8,1,0.0,0.0,6,26,0.0
C481,Sultanpura (SYNTHETIC),24.00905191738982,79.84552988057486,2006,322,1035,19.86,131.42,7,2,0.17,0.1,1202,89,0.15
C482,Chandankhedi (SYNTHETIC),22.30883843410086,78.8760912817344,3015,382,1100,6.04,40.46,5,3,0.61,0.57,3643,71,0.5
C483,Chandankhedi (SYNTHETIC),23.36650508565766,76.12329847479748,2698,344,1612,56.98,139.89,2,0,0.0,0.38,5893,29,0.0
C484,Laxmannagar (SYNTHETIC),23.286662294050632,78.60905602377508,3908,440,1300,42.66,73.78,3,0,0.4,0.78,9321,44,0.22
C485,Shyampind (SYNTHETIC),22.345903271017146,76.4279650446985,3877,431,1179,41.09,164.57,1,0,0.66,0.58,4980,54,0.44
C486,Chandangarh (SYNTHETIC),22.76048125977157,79.76214920441178,2764,380,1592,15.67,17.95,2,0,0.17,0.21,2800,77,0.14
C487,Rajpura (SYNTHETIC),23.68208344412704,76.38022614733026,1801,183,856,89.98,115.94,2,0,0.52,0.56,3868,61,0.41
C488,Bhimpind (SYNTHETIC),22.852084174371146,79.67125387234296,2228,303,1147,4.31,27.9,2,0,0.39,0.4,3151,38,0.26
C489,Kishanpura (SYNTHETIC),23.7991132402243,79.10594752526266,3996,328,1895,58.87,136.06,7,2,0.5,0.68,10219,75,0.33
C490,Shivpind (SYNTHETIC),22.281465617186328,78.05033561253005,36925,7839,13911,19.07,75.65,3,0,0.65,0.82,118846,1212,0.54
C491,Shivpura (SYNTHETIC),24.965089727294163,77.87013238905955,8317,1820,1718,1.74,57.97,8,1,0.78,0.96,20144,348,0.51
C492,Kishangaon (SYNTHETIC),23.29663956275507,78.71890318400703,38270,6509,15100,31.83,74.57,3,0,0.73,0.73,68326,1050,0.65
C493,Rajpind (SYNTHETIC),22.942329457268112,78.53385647694309,1423,258,453,21.97,38.34,2,0,0.59,0.53,2479,69,0.3
C494,Chandanpura (SYNTHETIC),24.068069566703524,77.53257612936018,14374,3062,3476,1.55,47.99,4,3,0.92,0.99,31944,490,0.48
C495,Harigarh (SYNTHETIC),24.008045052288388,79.3262957036418,875,85,492,34.43,145.25,7,2,0.01,0.36,1232,29,0.01
C496,Sultangaon (SYNTHETIC),22.930320138519395,76.62232163480273,3060,656,1566,4.12,106.27,2,0,0.57,0.58,8039,62,0.35
C497,Bhimpur (SYNTHETIC),22.910488695367047,77.38137591170532,49731,9695,15540,8.63,61.66,9,3,0.53,0.72,85003,1838,0.28
C498,Laxmangaon (SYNTHETIC),22.663713459420052,78.70829485063379,2430,498,1436,7.07,4.78,3,0,0.14,0.29,2767,106,0.12
C499,Chandannagar (SYNTHETIC),22.640701901008576,76.04268915139534,43296,5756,18278,16.24,173.69,1,0,0.75,0.62,138447,1947,0.63
C500,Rajgaon (SYNTHETIC),24.43566893070495,78.13391390362517,1211,114,578,25.75,21.58,31,15,0.54,0.78,4716,51,0.33
