facility_id,facility_name,facility_type,latitude,longitude,doctors,specialists,beds,has_telemedicine
F001,Facility_1_CHC,CHC,23.123620356542087,79.80285722563967,8,1,36,1
F002,Facility_2_PHC,PHC,22.299924747454007,77.83699556786347,3,0,9,1
F003,Facility_3_PHC,PHC,24.497327922401265,76.8493564427131,1,0,5,0
F004,Facility_4_PHC,PHC,23.574269294896713,77.72778007456846,3,0,6,0
F005,Facility_5_PHC,PHC,24.921266556524376,76.93108536172122,2,0,7,0
F006,Facility_6_CHC,CHC,24.949692657420364,77.86705157299193,8,1,36,0
F007,Facility_7_PHC,PHC,24.826605267054557,78.25315287138216,2,0,9,0
F008,Facility_8_PHC,PHC,22.723076398078035,78.73305407530184,3,0,7,1
F009,Facility_9_PHC,PHC,22.77633994480005,78.65008913741593,2,0,6,0
F010,Facility_10_PHC,PHC,22.093939877366676,79.36913909837999,2,0,8,0
F011,Facility_11_PHC,PHC,24.76562270506935,76.35397000820768,1,0,9,0
F012,Facility_12_PHC,PHC,22.814047095321687,79.31495003660771,1,0,5,0
F013,Facility_13_PHC,PHC,22.495800817189007,76.06254562696478,1,0,8,0
F014,Facility_14_CHC,CHC,22.042239468145254,76.79536961635522,6,1,34,1
F015,Facility_15_CHC,CHC,23.953231076505833,79.65983870217512,7,2,30,0
F016,Facility_16_CHC,CHC,22.932946965146986,77.30073328810698,9,3,32,1
F017,Facility_17_CHC,CHC,22.358782737814906,78.85297914889198,5,3,43,1
F018,Facility_18_PHC,PHC,23.56819848814598,77.7101640734342,1,0,7,0
F019,Facility_19_PHC,PHC,23.909231233791342,77.2574239243053,2,0,9,0
F020,Facility_20_PHC,PHC,23.231148769106888,79.02220455417219,3,0,7,0
F021,Facility_21_PHC,PHC,24.641403517045774,78.49741619253517,1,0,8,1
F022,Facility_22_PHC,PHC,22.559710176658108,79.57023599395991,2,0,8,0
F023,Facility_23_PHC,PHC,24.720485324637263,77.08852899753855,1,0,8,0
F024,Facility_24_PHC,PHC,22.914343774474087,76.65862341257177,2,0,9,0
F025,Facility_25_PHC,PHC,22.808237001395565,76.9765020889911,1,0,8,0
F026,Facility_26_PHC,PHC,24.915346248162884,79.84978917976845,2,0,7,0
F027,Facility_27_PHC,PHC,22.8545214831324,76.14754778941813,2,0,8,0
F028,Facility_28_PHC,PHC,22.835939392709836,79.63306354386661,2,0,9,0
F029,Facility_29_PHC,PHC,24.9569513623318,76.968221086046,3,0,7,0
F030,Facility_30_District Hospital,District Hospital,24.409419269139686,77.88120253778415,31,15,339,1
F031,Facility_31_PHC,PHC,22.45215263189629,78.03279510696288,3,0,8,0
F032,Facility_32_CHC,CHC,22.660723142696646,78.84459812975207,7,4,36,0
F033,Facility_33_CHC,CHC,24.0728132143074,77.54694138520215,4,3,47,1
F034,Facility_34_PHC,PHC,24.632018060142943,77.03176651086062,2,0,5,0
F035,Facility_35_District Hospital,District Hospital,22.782487524491227,79.9850147990317,14,9,259,1
